delay,freq,condition,thisN,thisTrialN,thisRepN,key_resp.keys,key_resp.rt,key_resp.duration,textbox.text,button.numClicks,button.timesOn,button.timesOff,trials.thisRepN,trials.thisTrialN,trials.thisN,trials.thisIndex,thisRow.t,notes,trial.started,polygon.started,polygon_2.started,key_resp.started,polygon.stopped,trial.stopped,trials.key_resp.keys,trials.key_resp.rt,trials.key_resp.duration,beep.started,sound_1.started,sound_1.stopped,beep.stopped,response.started,text.started,textbox.started,button.started,response.stopped,trials.textbox.text,trials.button.numClicks,trials.button.timesOn,trials.button.timesOff,participant,session,date,expName,expVersion,psychopyVersion,frameRate,expStart,
0.7,1000,exp,0,0,0,space,2.808476125006564,None,1,1,[3.273820333997719],[3.273828584002331],0,0,0,5,0.03276579198427498,,0.018086500000208616,0.03276579198427498,1.0018434589728713,1.0018434589728713,1.0219712500693277,3.8123706670012325,space,2.808476125006564,None,3.814585042069666,4.519499333637456,4.858299709041603,4.81785245903302,4.821306584053673,4.858299709041603,4.858299709041603,4.858299709041603,8.132409500074573,1,1,[3.273820333997719],[3.273828584002331],001,001,2025-11-11_12h06.03.542,Intentional_binding,,2025.1.1,None,2025-11-11 12h06.08.769985 +0530,
0.4,400,unexp,1,1,0,space,1.3472197089577094,None,2,1,[3.6767774999607354],[3.6767812080215663],0,1,1,1,8.136573791969568,,8.13274191704113,8.136573791969568,9.121772167040035,9.121772167040035,9.125911792041734,10.475206583971158,space,1.3472197089577094,None,10.47711012500804,10.883721458671305,11.186402625055052,11.171619249973446,11.173837875016034,11.186402625055052,11.186402625055052,11.186402625055052,14.863353374996223,2,1,[3.6767774999607354],[3.6767812080215663],001,001,2025-11-11_12h06.03.542,Intentional_binding,,2025.1.1,None,2025-11-11 12h06.08.769985 +0530,
0.7,1000,exp,2,2,0,space,0.27298020909074694,None,100,1,[4.259755749953911],[4.2597590839723125],0,2,2,11,14.867663750075735,,14.863518750062212,14.867663750075735,15.863054334069602,15.863054334069602,15.863054334069602,16.141272166976705,space,0.27298020909074694,None,16.142853750032373,16.84139608365173,17.150402209023014,17.13602645904757,17.138765249983408,17.150402209023014,17.150402209023014,17.150402209023014,21.410314499982633,100,1,[4.259755749953911],[4.2597590839723125],001,001,2025-11-11_12h06.03.542,Intentional_binding,,2025.1.1,None,2025-11-11 12h06.08.769985 +0530,
0.4,1000,exp,3,3,0,space,0.32585666701197624,None,200,1,[2.9636577910277992],[2.9636612080503255],0,3,3,7,21.42216079204809,,21.410481916973367,21.42216079204809,22.40689841704443,22.40689841704443,22.412317750044167,22.735908125061542,space,0.32585666701197624,None,22.73776683397591,23.138047708726177,23.447996834060177,23.43505470897071,23.436960999970324,23.447996834060177,23.447996834060177,23.447996834060177,26.41183529200498,200,1,[2.9636577910277992],[2.9636612080503255],001,001,2025-11-11_12h06.03.542,Intentional_binding,,2025.1.1,None,2025-11-11 12h06.08.769985 +0530,
0.7,400,unexp,4,4,0,space,1.0900977920973673,None,300,1,[2.3108982919948176],[2.310902125085704],0,4,4,2,26.422980166971684,,26.41202270903159,26.422980166971684,27.401661209063604,27.401661209063604,27.419424541993067,28.49423954205122,space,1.0900977920973673,None,28.495917542022653,29.20628429163868,29.518305500037968,29.504370584036224,29.50605375005398,29.518305500037968,29.518305500037968,29.518305500037968,31.829376416979358,300,1,[2.3108982919948176],[2.310902125085704],001,001,2025-11-11_12h06.03.542,Intentional_binding,,2025.1.1,None,2025-11-11 12h06.08.769985 +0530,
0.1,1000,exp,5,5,0,space,2.626172792050056,None,500,1,[6.906721249921247],[6.9067246249178424],0,5,5,3,31.834262749995105,,31.829546375083737,31.834262749995105,32.828434208990075,32.828434208990075,32.828434208990075,35.460365709033795,space,2.626172792050056,None,35.4624016250018,35.56443004165,35.863258584053256,35.85197075002361,35.85364600003231,35.863258584053256,35.863258584053256,35.863258584053256,42.77015408407897,500,1,[6.906721249921247],[6.9067246249178424],001,001,2025-11-11_12h06.03.542,Intentional_binding,,2025.1.1,None,2025-11-11 12h06.08.769985 +0530,
0.1,400,unexp,6,6,0,space,1.1358145840931684,None,3,1,[4.535332208033651],[4.535335666034371],0,6,6,0,42.78124154207762,,42.77030337497126,42.78124154207762,43.75951787503436,43.75951787503436,43.77474016707856,44.89797704201192,space,1.1358145840931684,None,44.899738874984905,44.99933133373658,45.301321709062904,45.28813825000543,45.28949666698463,45.301321709062904,45.301321709062904,45.301321709062904,49.836825374979526,3,1,[4.535332208033651],[4.535335666034371],001,001,2025-11-11_12h06.03.542,Intentional_binding,,2025.1.1,None,2025-11-11 12h06.08.769985 +0530,
0.4,1000,exp,7,7,0,space,1.3715764589142054,None,200,1,[4.551840791944414],[4.551844457979314],0,7,7,4,49.84775741701014,,49.836982875014655,49.84775741701014,50.8315673340112,50.8315673340112,50.8362971249735,52.21540329197887,space,1.3715764589142054,None,52.2168597090058,52.623380500652516,52.93294362502638,52.921046250034124,52.922889709006995,52.93294362502638,52.93294362502638,52.93294362502638,57.48495570907835,200,1,[4.551840791944414],[4.551844457979314],001,001,2025-11-11_12h06.03.542,Intentional_binding,,2025.1.1,None,2025-11-11 12h06.08.769985 +0530,
0.1,1000,exp,8,8,0,space,1.666472667013295,None,600,1,[10.393726000096649],[10.393729209084995],0,8,8,9,57.494706625002436,,57.48512974998448,57.494706625002436,58.48051841708366,58.48051841708366,58.485119667020626,60.16152625007089,space,1.666472667013295,None,60.16315975005273,60.27376516670144,60.575754709076136,60.56057575007435,60.56253850006033,60.575754709076136,60.575754709076136,60.575754709076136,70.96965724998154,600,1,[10.393726000096649],[10.393729209084995],001,001,2025-11-11_12h06.03.542,Intentional_binding,,2025.1.1,None,2025-11-11 12h06.08.769985 +0530,
0.7,1000,exp,9,9,0,space,0.4022256250027567,None,2,1,[2.2354850829578936],[2.2354887910187244],0,9,9,8,70.97985820902977,,70.96981591708027,70.97985820902977,71.95936779200565,71.95936779200565,71.97663691698108,72.37516529206187,space,0.4022256250027567,None,72.37747566704638,73.07735391665871,73.38486929202918,73.3708642499987,73.37272633402608,73.38486929202918,73.38486929202918,73.38486929202918,75.6205290419748,2,1,[2.2354850829578936],[2.2354887910187244],001,001,2025-11-11_12h06.03.542,Intentional_binding,,2025.1.1,None,2025-11-11 12h06.08.769985 +0530,
0.1,1000,exp,10,10,0,space,0.41890825098380446,None,0,1,[5.834845208097249],[5.83484883303754],0,10,10,6,75.62704533408396,,75.62069025007077,75.62704533408396,76.6136197920423,76.6136197920423,76.6169316250598,77.03584695898462,space,0.41890825098380446,None,77.0373942500446,77.14817487571078,77.45200691698119,77.43737562501337,77.4392678750446,77.45200691698119,77.45200691698119,77.45200691698119,83.28703395905904,0,1,[5.834845208097249],[5.83484883303754],001,001,2025-11-11_12h06.03.542,Intentional_binding,,2025.1.1,None,2025-11-11 12h06.08.769985 +0530,
0.4,1000,exp,11,11,0,space,0.3714964999817312,None,10,1,[5.18248554202728],[5.182489084079862],0,11,11,10,83.29819175007287,,83.28718512505293,83.29819175007287,84.28583504201379,84.28583504201379,84.28583504201379,84.65916829206981,space,0.3714964999817312,None,84.65961824997794,85.06721720873999,85.37111100007314,85.35862270905636,85.36046691704541,85.37111100007314,85.37111100007314,85.37111100007314,90.55377950007096,10,1,[5.18248554202728],[5.182489084079862],001,001,2025-11-11_12h06.03.542,Intentional_binding,,2025.1.1,None,2025-11-11 12h06.08.769985 +0530,
0.1,1000,exp,12,0,1,space,0.5364511669613421,None,100,1,[3.282552874996327],[3.2825563750229776],1,0,12,3,90.56475579203106,,90.55392783402931,90.56475579203106,91.55279929202516,91.55279929202516,91.55279929202516,92.0940343340626,space,0.5364511669613421,None,92.09565520903561,92.1982979167408,92.50660316704307,92.49309395905584,92.49481337505858,92.50660316704307,92.50660316704307,92.50660316704307,95.7893250840716,100,1,[3.282552874996327],[3.2825563750229776],001,001,2025-11-11_12h06.03.542,Intentional_binding,,2025.1.1,None,2025-11-11 12h06.08.769985 +0530,
0.7,1000,exp,13,1,1,space,1.399204917019233,None,200,1,[7.8694282079814],[7.869435374974273],1,1,13,8,95.79235362506006,,95.78948712500278,95.79235362506006,96.77681325003505,96.77681325003505,96.78986733406782,98.1905312089948,space,1.399204917019233,None,98.19208758405875,98.89844575064878,99.20080204203259,99.18593470903579,99.18780912505463,99.20080204203259,99.20080204203259,99.20080204203259,107.07042116706725,200,1,[7.8694282079814],[7.869435374974273],001,001,2025-11-11_12h06.03.542,Intentional_binding,,2025.1.1,None,2025-11-11 12h06.08.769985 +0530,
0.7,1000,exp,14,2,1,space,0.06615012499969453,None,300,1,[6.374265374965034],[6.374268666957505],1,2,14,5,107.08140962501056,,107.07061466702726,107.08140962501056,108.05966508400161,108.05966508400161,108.07594637502916,108.13253045897,space,0.06615012499969453,None,108.1340477920603,108.84178187564636,109.14404929208104,109.12994495907333,109.13190820906311,109.14404929208104,109.14404929208104,109.14404929208104,115.51849787507672,300,1,[6.374265374965034],[6.374268666957505],001,001,2025-11-11_12h06.03.542,Intentional_binding,,2025.1.1,None,2025-11-11 12h06.08.769985 +0530,
0.1,400,unexp,15,3,1,space,1.1384441669797525,None,350,1,[3.8282449999824166],[3.828248832956888],1,3,15,0,115.52849887497723,,115.51866925007198,115.52849887497723,116.51609791698866,116.51609791698866,116.52116716699675,117.65675125003327,space,1.1384441669797525,None,117.65755574998911,117.76768616674623,118.0781341670081,118.06318104197271,118.06530062505044,118.0781341670081,118.0781341670081,118.0781341670081,121.90655412501656,350,1,[3.8282449999824166],[3.828248832956888],001,001,2025-11-11_12h06.03.542,Intentional_binding,,2025.1.1,None,2025-11-11 12h06.08.769985 +0530,
0.4,1000,exp,16,4,1,space,0.1964627499692142,None,400,1,[2.7911734170047566],[2.791177124949172],1,4,16,7,121.90890016697813,,121.90670933399815,121.90890016697813,122.90096491703298,122.90096491703298,122.90096491703298,123.1022052919725,space,0.1964627499692142,None,123.10368987498805,123.50374441669943,123.81019583402667,123.79564849997405,123.79792462498881,123.81019583402667,123.81019583402667,123.81019583402667,126.60154129203875,400,1,[2.7911734170047566],[2.791177124949172],001,001,2025-11-11_12h06.03.542,Intentional_binding,,2025.1.1,None,2025-11-11 12h06.08.769985 +0530,
0.4,1000,exp,17,5,1,space,0.8722237499896437,None,550,1,[6.0193972090492025],[6.01940333400853],1,5,17,10,126.61311400006525,,126.60170920903329,126.61311400006525,127.59710150002502,127.59710150002502,127.60171233396977,128.4764181249775,space,0.8722237499896437,None,128.47788445907645,128.8778424587256,129.1905916670803,129.1775387499947,129.17941774998326,129.1905916670803,129.1905916670803,129.1905916670803,135.2101567920763,550,1,[6.0193972090492025],[6.01940333400853],001,001,2025-11-11_12h06.03.542,Intentional_binding,,2025.1.1,None,2025-11-11 12h06.08.769985 +0530,
0.7,1000,exp,18,6,1,space,0.48170512495562434,None,400,1,[3.226158499950543],[3.226161374943331],1,6,18,11,135.22110583400354,,135.21032087504864,135.22110583400354,136.20740141707938,136.20740141707938,136.21238937508315,136.69413533399347,space,0.48170512495562434,None,136.69570579205174,137.40525283367995,137.71709525003098,137.70300904207397,137.7051293340046,137.71709525003098,137.71709525003098,137.71709525003098,140.94343354203738,400,1,[3.226158499950543],[3.226161374943331],001,001,2025-11-11_12h06.03.542,Intentional_binding,,2025.1.1,None,2025-11-11 12h06.08.769985 +0530,
0.1,1000,exp,19,7,1,space,0.4820640420075506,None,600,1,[3.668618333991617],[3.6686212500790134],1,7,19,9,140.9541146249976,,140.94360400002915,140.9541146249976,141.93493312504143,141.93493312504143,141.9529834589921,142.42384000006132,space,0.4820640420075506,None,142.42529912502505,142.52472291671828,142.8325064589735,142.81760495901108,142.81923495908268,142.8325064589735,142.8325064589735,142.8325064589735,146.5013105000835,600,1,[3.668618333991617],[3.6686212500790134],001,001,2025-11-11_12h06.03.542,Intentional_binding,,2025.1.1,None,2025-11-11 12h06.08.769985 +0530,
0.1,1000,exp,20,8,1,space,0.358487542020157,None,700,1,[3.312325375038199],[3.3123283750610426],1,8,20,6,146.51151008403394,,146.50148575007915,146.51151008403394,147.4943505000556,147.4943505000556,147.50752341700718,147.86784154199995,space,0.358487542020157,None,147.86979458399583,147.97430750070296,148.28361233405303,148.2683175840648,148.2704697920708,148.28361233405303,148.28361233405303,148.28361233405303,151.59611024998594,700,1,[3.312325375038199],[3.3123283750610426],001,001,2025-11-11_12h06.03.542,Intentional_binding,,2025.1.1,None,2025-11-11 12h06.08.769985 +0530,
0.4,400,unexp,21,9,1,space,0.7864612920675427,None,300,1,[2.2399672080064192],[2.239970082999207],1,9,21,1,151.60057608399075,,151.59625145897735,151.60057608399075,152.5852312920615,152.5852312920615,152.5977989169769,153.37694987503346,space,0.7864612920675427,None,153.37895816704258,153.78303941671427,154.08855241700076,154.07454670907464,154.07588616700377,154.08855241700076,154.08855241700076,154.08855241700076,156.32868662499823,300,1,[2.2399672080064192],[2.239970082999207],001,001,2025-11-11_12h06.03.542,Intentional_binding,,2025.1.1,None,2025-11-11 12h06.08.769985 +0530,
0.7,400,unexp,22,10,1,space,0.5220058759441599,None,50,1,[1.1425071249250323],[1.1425099580083042],1,10,22,2,156.34082645899616,,156.32882829208393,156.34082645899616,157.32862975005992,157.32862975005992,157.32862975005992,157.85568670905195,space,0.5220058759441599,None,157.857496874989,158.55787895870552,158.86321250000037,158.8488816670142,158.85061679198407,158.86321250000037,158.86321250000037,158.86321250000037,160.00589350005612,50,1,[1.1425071249250323],[1.1425099580083042],001,001,2025-11-11_12h06.03.542,Intentional_binding,,2025.1.1,None,2025-11-11 12h06.08.769985 +0530,
0.4,1000,exp,23,11,1,space,1.7188659169478342,None,400,1,[3.926872833049856],[3.9268755830125883],1,11,23,4,160.0083379590651,,160.0060552500654,160.0083379590651,160.99363529204857,160.99363529204857,161.00667220901232,162.71649412508123,space,1.7188659169478342,None,162.71816995902918,163.11757679173414,163.41904962505214,163.40523937507533,163.40738066704944,163.41904962505214,163.41904962505214,163.41904962505214,167.3460893749725,400,1,[3.926872833049856],[3.9268755830125883],001,001,2025-11-11_12h06.03.542,Intentional_binding,,2025.1.1,None,2025-11-11 12h06.08.769985 +0530,
0.7,1000,exp,24,0,2,space,0.4815708340611309,None,150,1,[7.8068209999473765],[7.80682399997022],2,0,24,11,167.35032545903232,,167.34623100003228,167.35032545903232,168.3377943340456,168.3377943340456,168.34256045904476,168.83426295907702,space,0.4815708340611309,None,168.83599416702054,169.53368137573514,169.8363437090302,169.82139491697308,169.82329670898616,169.8363437090302,169.8363437090302,169.8363437090302,177.64334270905238,150,1,[7.8068209999473765],[7.80682399997022],001,001,2025-11-11_12h06.03.542,Intentional_binding,,2025.1.1,None,2025-11-11 12h06.08.769985 +0530,
0.7,1000,exp,25,1,2,space,0.7217381669906899,None,450,1,[2.1747921670321375],[2.17479512502905],2,1,25,8,177.65273783402517,,177.64350595907308,177.65273783402517,178.63429700001143,178.63429700001143,178.65356970904395,179.3673323750263,space,0.7217381669906899,None,179.36894125002436,180.07550500071764,180.38061137497425,180.36562091705855,180.36775112501346,180.38061137497425,180.38061137497425,180.38061137497425,182.5555791669758,450,1,[2.1747921670321375],[2.17479512502905],001,001,2025-11-11_12h06.03.542,Intentional_binding,,2025.1.1,None,2025-11-11 12h06.08.769985 +0530,
0.4,1000,exp,26,2,2,space,0.7663451259722933,None,400,1,[2.855581042007543],[2.8555842919740826],2,2,26,4,182.5588537500007,,182.55573737504892,182.5588537500007,183.5546805000631,183.5546805000631,183.5546805000631,184.3269116670126,space,0.7663451259722933,None,184.32848329201806,184.72752862569567,185.042471459019,185.027699709055,185.02958033408504,185.042471459019,185.042471459019,185.042471459019,187.89824241702445,400,1,[2.855581042007543],[2.8555842919740826],001,001,2025-11-11_12h06.03.542,Intentional_binding,,2025.1.1,None,2025-11-11 12h06.08.769985 +0530,
0.1,1000,exp,27,3,2,space,0.6072861249558628,None,650,1,[3.5316751250065863],[3.5316784160677344],2,3,27,6,187.90069920907263,,187.89841245906428,187.90069920907263,188.8965124170063,188.8965124170063,188.8965124170063,189.51658595900517,space,0.6072861249558628,None,189.518399166991,189.6233722087384,189.93673179205507,189.92154716700315,189.9238467500545,189.93673179205507,189.93673179205507,189.93673179205507,193.46859725005925,650,1,[3.5316751250065863],[3.5316784160677344],001,001,2025-11-11_12h06.03.542,Intentional_binding,,2025.1.1,None,2025-11-11 12h06.08.769985 +0530,
0.4,1000,exp,28,4,2,space,0.6815422920044512,None,250,1,[3.30773054191377],[3.3077335419366136],2,4,28,7,193.47946004197001,,193.46876987500582,193.47946004197001,194.4671197499847,194.4671197499847,194.472788708983,195.15252400003374,space,0.6815422920044512,None,195.15411200001836,195.5539485416996,195.86438566702418,195.85119620908517,195.85395100002643,195.86438566702418,195.86438566702418,195.86438566702418,199.17229858401697,250,1,[3.30773054191377],[3.3077335419366136],001,001,2025-11-11_12h06.03.542,Intentional_binding,,2025.1.1,None,2025-11-11 12h06.08.769985 +0530,
0.1,1000,exp,29,5,2,space,0.38593341689556837,None,750,1,[7.697484375094064],[7.697487250086851],2,5,29,9,199.17561691708397,,199.17247637500986,199.17561691708397,200.16963154205587,200.16963154205587,200.16963154205587,200.56666104204487,space,0.38593341689556837,None,200.56845454208087,200.67280575068824,200.97456087497994,200.95970962499268,200.96182708407287,200.97456087497994,200.97456087497994,200.97456087497994,208.67223179200664,750,1,[7.697484375094064],[7.697487250086851],001,001,2025-11-11_12h06.03.542,Intentional_binding,,2025.1.1,None,2025-11-11 12h06.08.769985 +0530,
0.1,400,unexp,30,6,2,space,1.4910871669417247,None,800,1,[3.60131029097829],[3.6013133329106495],2,6,30,0,208.67518041701987,,208.6723741670139,208.67518041701987,209.6632053339854,209.6632053339854,209.6632053339854,211.16817275003996,space,1.4910871669417247,None,211.16971712501254,211.26934579172328,211.57754641701467,211.5619023339823,211.56424425006844,211.57754641701467,211.57754641701467,211.57754641701467,215.17904775007628,800,1,[3.60131029097829],[3.6013133329106495],001,001,2025-11-11_12h06.03.542,Intentional_binding,,2025.1.1,None,2025-11-11 12h06.08.769985 +0530,
0.1,1000,exp,31,7,2,space,2.8851621670182794,None,900,1,[5.123890749993734],[5.1238937500165775],2,7,31,3,215.18503975006752,,215.17922270903364,215.18503975006752,216.17507304204628,216.17507304204628,216.17507304204628,219.06714208400808,space,2.8851621670182794,None,219.06860416708514,219.17424083367612,219.47731912496965,219.4619024170097,219.4637675420381,219.47731912496965,219.47731912496965,219.47731912496965,224.60139979200903,900,1,[5.123890749993734],[5.1238937500165775],001,001,2025-11-11_12h06.03.542,Intentional_binding,,2025.1.1,None,2025-11-11 12h06.08.769985 +0530,
0.4,400,unexp,32,8,2,space,0.34824404201935977,None,0,1,[8.500410542008467],[8.500414249952883],2,8,32,1,224.61197500000708,,224.60158108407632,224.61197500000708,225.5996801670408,225.5996801670408,225.6053545420291,225.9539426669944,space,0.34824404201935977,None,225.95562020898797,226.36503450066473,226.6678262919886,226.65566024999134,226.65746491705067,226.6678262919886,226.6678262919886,226.6678262919886,235.16843195899855,0,1,[8.500410542008467],[8.500414249952883],001,001,2025-11-11_12h06.03.542,Intentional_binding,,2025.1.1,None,2025-11-11 12h06.08.769985 +0530,
0.7,1000,exp,33,9,2,space,0.5149527090834454,None,350,1,[4.980239791912027],[4.980242624995299],2,9,33,5,235.1778291669907,,235.16861925006378,235.1778291669907,236.1587620000355,236.1587620000355,236.1802906669909,236.67828195902985,space,0.5149527090834454,None,236.6798676670296,237.3886890836914,237.690419459017,237.67632279207464,237.67824337503407,237.690419459017,237.690419459017,237.690419459017,242.67085404205136,350,1,[4.980239791912027],[4.980242624995299],001,001,2025-11-11_12h06.03.542,Intentional_binding,,2025.1.1,None,2025-11-11 12h06.08.769985 +0530,
0.7,400,unexp,34,10,2,space,0.5472861259477213,None,900,1,[2.057477790978737],[2.0574805409414694],2,10,34,2,242.67694429203402,,242.67103087506257,242.67694429203402,243.6712154999841,243.6712154999841,243.6712154999841,244.23331958404742,space,0.5472861259477213,None,244.23495483398438,244.933607083691,245.2352565000765,245.2215923339827,245.22324954206124,245.2352565000765,245.2352565000765,245.2352565000765,247.29292070900556,900,1,[2.057477790978737],[2.0574805409414694],001,001,2025-11-11_12h06.03.542,Intentional_binding,,2025.1.1,None,2025-11-11 12h06.08.769985 +0530,
0.4,1000,exp,35,11,2,space,1.1402797090122476,None,300,1,[2.214964415994473],[2.214967541047372],2,11,35,10,247.30334487499204,,247.29308937501628,247.30334487499204,248.2891045419965,248.2891045419965,248.29510387498885,249.4400978750782,space,1.1402797090122476,None,249.44186608400196,249.8421115837448,250.1534516250249,250.13739575003274,250.1396840000525,250.1534516250249,250.1534516250249,250.1534516250249,252.36862070905045,300,1,[2.214964415994473],[2.214967541047372],001,001,2025-11-11_12h06.03.542,Intentional_binding,,2025.1.1,None,2025-11-11 12h06.08.769985 +0530,
0.7,1000,exp,36,0,3,space,2.1697902089217678,None,400,1,[1.1204742909176275],[1.120476832962595],3,0,36,5,252.38011729205027,,252.36878725001588,252.38011729205027,253.36350483400747,253.36350483400747,253.36784541700035,255.5370573750697,space,2.1697902089217678,None,255.53860425006133,256.23639129166645,256.55161133408546,256.5361658750335,256.53853708400857,256.55161133408546,256.55161133408546,256.55161133408546,257.6722617089981,400,1,[1.1204742909176275],[1.120476832962595],001,001,2025-11-11_12h06.03.542,Intentional_binding,,2025.1.1,None,2025-11-11 12h06.08.769985 +0530,
0.1,400,unexp,37,1,3,space,0.03561720799189061,None,500,1,[1.8202226660214365],[1.820225749979727],3,1,37,0,257.6745212500682,,257.67243525001686,257.6745212500682,258.6705254170811,258.6705254170811,258.6705254170811,258.7121581250103,space,0.03561720799189061,None,258.7131137920078,258.8157779166397,259.1179855420487,259.1048063749913,259.106842334033,259.1179855420487,259.1179855420487,259.1179855420487,260.9383873749757,500,1,[1.8202226660214365],[1.820225749979727],001,001,2025-11-11_12h06.03.542,Intentional_binding,,2025.1.1,None,2025-11-11 12h06.08.769985 +0530,
0.4,1000,exp,38,2,3,space,0.7832810420077294,None,670,1,[2.7470906249945983],[2.7470933340955526],3,2,38,7,260.9419019590132,,260.93852754205,260.9419019590132,261.92682029202115,261.92682029202115,261.9396279170178,262.71766829199623,space,0.7832810420077294,None,262.71925891702995,263.11704166670484,263.42105691705365,263.4076403339859,263.40888958401047,263.42105691705365,263.42105691705365,263.42105691705365,266.16835266700946,670,1,[2.7470906249945983],[2.7470933340955526],001,001,2025-11-11_12h06.03.542,Intentional_binding,,2025.1.1,None,2025-11-11 12h06.08.769985 +0530,
0.4,1000,exp,39,3,3,space,1.0208897920092568,None,800,1,[1.9763466250151396],[1.976349417003803],3,3,39,4,266.1784316250123,,266.1685302500846,266.1784316250123,267.1631139169913,267.1631139169913,267.16719299997203,268.1916567500448,space,1.0208897920092568,None,268.19371295906603,268.5992220836381,268.90331149997655,268.8898014590377,268.89140554203186,268.90331149997655,268.90331149997655,268.90331149997655,270.8798505840823,800,1,[1.9763466250151396],[1.976349417003803],001,001,2025-11-11_12h06.03.542,Intentional_binding,,2025.1.1,None,2025-11-11 12h06.08.769985 +0530,
0.1,1000,exp,40,4,3,space,0.5651309589156881,None,100,1,[2.7994436669396237],[2.7994465419324115],3,4,40,9,270.8834290000377,,270.87999679206405,270.8834290000377,271.8787483749911,271.8787483749911,271.8787483749911,272.4509323340608,space,0.5651309589156881,None,272.45257633400615,272.5554230417513,272.85574650007766,272.84235591697507,272.8441257090308,272.85574650007766,272.85574650007766,272.85574650007766,275.65537975006737,100,1,[2.7994436669396237],[2.7994465419324115],001,001,2025-11-11_12h06.03.542,Intentional_binding,,2025.1.1,None,2025-11-11 12h06.08.769985 +0530,
0.7,400,unexp,41,5,3,space,0.3314840419916436,None,400,1,[1.3666415000334382],[1.3666444999398664],3,5,41,2,275.6588434589794,,275.6555478340015,275.6588434589794,276.6533045420656,276.6533045420656,276.6533045420656,276.9935376669746,space,0.3314840419916436,None,276.9950313339941,277.6988270837503,278.00166370905936,277.98612554208376,277.9882065000711,278.00166370905936,278.00166370905936,278.00166370905936,279.36850466707256,400,1,[1.3666415000334382],[1.3666444999398664],001,001,2025-11-11_12h06.03.542,Intentional_binding,,2025.1.1,None,2025-11-11 12h06.08.769985 +0530,
0.1,1000,exp,42,6,3,space,1.0697785000083968,None,100,1,[1.625127000035718],[1.6251315830741078],3,6,42,6,279.3782319170423,,279.3686622499954,279.3782319170423,280.36484654201195,280.36484654201195,280.3699749590596,281.4406581670046,space,1.0697785000083968,None,281.4421298750676,281.54112562566684,281.8512775420677,281.8371394170681,281.83937566704117,281.8512775420677,281.8512775420677,281.8512775420677,283.47660195897333,100,1,[1.625127000035718],[1.6251315830741078],001,001,2025-11-11_12h06.03.542,Intentional_binding,,2025.1.1,None,2025-11-11 12h06.08.769985 +0530,
0.4,1000,exp,43,7,3,space,0.4984367920551449,None,200,1,[1.70801745809149],[1.7080205830279738],3,7,43,10,283.4869694170775,,283.4767627500696,283.4869694170775,284.4730791670736,284.4730791670736,284.47826562507544,284.9763354170136,space,0.4984367920551449,None,284.9782220419729,285.38224050071244,285.67865137499757,285.670900875004,285.6712231669808,285.67865137499757,285.67865137499757,285.67865137499757,287.3868718340527,200,1,[1.70801745809149],[1.7080205830279738],001,001,2025-11-11_12h06.03.542,Intentional_binding,,2025.1.1,None,2025-11-11 12h06.08.769985 +0530,
0.4,400,unexp,44,8,3,space,0.29624033300206065,None,300,1,[1.2541164580034092],[1.25411904102657],3,8,44,1,287.3934380420251,,287.3870318750851,287.3934380420251,288.3842872920213,288.3842872920213,288.3842872920213,288.69144495902583,space,0.29624033300206065,None,288.69319133402314,289.09898379171887,289.407693709014,289.3928397500422,289.39495462505147,289.407693709014,289.407693709014,289.407693709014,290.6619976670481,300,1,[1.2541164580034092],[1.25411904102657],001,001,2025-11-11_12h06.03.542,Intentional_binding,,2025.1.1,None,2025-11-11 12h06.08.769985 +0530,
0.7,1000,exp,45,9,3,space,0.4584911250276491,None,200,1,[1.95338591595646],[1.9533894159831107],3,9,45,11,290.6723274170654,,290.662138542044,290.6723274170654,291.6508452499984,291.6508452499984,291.666905292077,292.1241378750419,space,0.4584911250276491,None,292.1262191249989,292.8253015836856,293.12709112500306,293.1121559999883,293.11456825002097,293.12709112500306,293.12709112500306,293.12709112500306,295.08067754202057,200,1,[1.95338591595646],[1.9533894159831107],001,001,2025-11-11_12h06.03.542,Intentional_binding,,2025.1.1,None,2025-11-11 12h06.08.769985 +0530,
0.7,1000,exp,46,10,3,space,0.7393218759680167,None,500,1,[1.9854181670816615],[1.9854213329963386],3,10,46,8,295.08368124999106,,295.08083104202524,295.08368124999106,296.0701846249867,296.0701846249867,296.08239724999294,296.8134324999992,space,0.7393218759680167,None,296.81503916706424,297.51357975072847,297.8263352920767,297.8112636670703,297.81366095901467,297.8263352920767,297.8263352920767,297.8263352920767,299.8119375840761,500,1,[1.9854181670816615],[1.9854213329963386],001,001,2025-11-11_12h06.03.542,Intentional_binding,,2025.1.1,None,2025-11-11 12h06.08.769985 +0530,
0.1,1000,exp,47,11,3,space,0.6508868340170011,None,100,1,[1.9327134169870988],[1.932716374984011],3,11,47,3,299.81900737504475,,299.8120806670049,299.81900737504475,300.80723274999764,300.80723274999764,300.81269066699315,301.461771375034,space,0.6508868340170011,None,301.4634301670594,301.5629813756716,301.87022687506396,301.854337542085,301.8568364169914,301.87022687506396,301.87022687506396,301.87022687506396,303.80314974999055,100,1,[1.9327134169870988],[1.932716374984011],001,001,2025-11-11_12h06.03.542,Intentional_binding,,2025.1.1,None,2025-11-11 12h06.08.769985 +0530,
0.7,400,unexp,48,0,4,space,0.33009041694458574,None,600,1,[1.472508042003028],[1.4725106250261888],4,0,48,2,303.8110853340477,,303.8033258750802,303.8110853340477,304.7929159590276,304.7929159590276,304.81127250008285,305.1329316670308,space,0.33009041694458574,None,305.13439154205844,305.8355594167408,306.1400716670323,306.1249844590202,306.12697429198306,306.1400716670323,306.1400716670323,306.1400716670323,307.61276699998416,600,1,[1.472508042003028],[1.4725106250261888],001,001,2025-11-11_12h06.03.542,Intentional_binding,,2025.1.1,None,2025-11-11 12h06.08.769985 +0530,
0.1,1000,exp,49,1,4,space,0.32508979202248156,None,200,1,[2.8582792920060456],[2.858282292028889],4,1,49,6,307.6240485419985,,307.6129061670508,307.6240485419985,308.60484124999493,308.60484124999493,308.6227992089698,308.94192700006533,space,0.32508979202248156,None,308.94391208398156,309.0501508337368,309.36017891706433,309.34527129202615,309.3471304590348,309.36017891706433,309.36017891706433,309.36017891706433,312.21868233405985,200,1,[2.8582792920060456],[2.858282292028889],001,001,2025-11-11_12h06.03.542,Intentional_binding,,2025.1.1,None,2025-11-11 12h06.08.769985 +0530,
0.4,1000,exp,50,2,4,space,1.3001703749177977,None,300,1,[1.4163983749458566],[1.4164015830028802],4,2,50,7,312.22904195904266,,312.2188646669965,312.22904195904266,313.215612250031,313.215612250031,313.2206286250148,314.5237005840754,space,1.3001703749177977,None,314.52548358403146,314.92546183366017,315.235923249973,315.2213002090575,315.22373879200313,315.235923249973,315.235923249973,315.235923249973,316.65252354205586,300,1,[1.4163983749458566],[1.4164015830028802],001,001,2025-11-11_12h06.03.542,Intentional_binding,,2025.1.1,None,2025-11-11 12h06.08.769985 +0530,
0.1,1000,exp,51,3,4,space,0.5074455009307712,None,100,1,[1.4869592079194263],[1.4869621659163386],4,3,51,3,316.66368141700514,,316.65268720907625,316.66368141700514,317.64822479197755,317.64822479197755,317.653806834016,318.1618835000554,space,0.5074455009307712,None,318.16363812505733,318.26349608373516,318.5761793750571,318.56062262505293,318.5624012090266,318.5761793750571,318.5761793750571,318.5761793750571,320.06334341701586,100,1,[1.4869592079194263],[1.4869621659163386],001,001,2025-11-11_12h06.03.542,Intentional_binding,,2025.1.1,None,2025-11-11 12h06.08.769985 +0530,
0.4,1000,exp,52,4,4,space,0.3182442090474069,None,100,1,[1.3660835420014337],[1.366086084046401],4,4,52,4,320.0671035000123,,320.06351658399217,320.0671035000123,321.05237074999604,321.05237074999604,321.0655254590092,321.3762334170751,space,0.3182442090474069,None,321.3766487920657,321.78049495869004,322.0807725000195,322.0710525420727,322.07289137504995,322.0807725000195,322.0807725000195,322.0807725000195,323.44703979208134,100,1,[1.3660835420014337],[1.366086084046401],001,001,2025-11-11_12h06.03.542,Intentional_binding,,2025.1.1,None,2025-11-11 12h06.08.769985 +0530,
0.1,400,unexp,53,5,4,space,0.47136766696348786,None,200,1,[2.7469251659931615],[2.7469393329229206],4,5,53,0,323.4493210000219,,323.44718641706277,323.4493210000219,324.43417450005654,324.43417450005654,324.44835062499624,324.9097840000177,space,0.47136766696348786,None,324.9102142089978,325.01517229172555,325.3236457090825,325.3120977090439,325.3139022090472,325.3236457090825,325.3236457090825,325.3236457090825,328.0708050420508,200,1,[2.7469251659931615],[2.7469393329229206],001,001,2025-11-11_12h06.03.542,Intentional_binding,,2025.1.1,None,2025-11-11 12h06.08.769985 +0530,
0.4,1000,exp,54,6,4,space,0.42567029199562967,None,400,1,[1.4378395410021767],[1.437842916115187],4,6,54,10,328.0751718339743,,328.0710195420543,328.0751718339743,329.0687260000268,329.0687260000268,329.0687260000268,329.50510900001973,space,0.42567029199562967,None,329.505467500072,329.9067577507269,330.2099822500022,330.19655691704247,330.1984467920847,330.2099822500022,330.2099822500022,330.2099822500022,331.6480404169997,400,1,[1.4378395410021767],[1.437842916115187],001,001,2025-11-11_12h06.03.542,Intentional_binding,,2025.1.1,None,2025-11-11 12h06.08.769985 +0530,
0.7,1000,exp,55,7,4,space,0.2541133329505101,None,400,1,[1.5820184579351917],[1.5820216248976067],4,7,55,5,331.6505280000856,,331.64818795898464,331.6505280000856,332.6372348340228,332.6372348340228,332.6422470000107,332.898531874991,space,0.2541133329505101,None,332.8999804169871,333.60751400067625,333.9132512920769,333.89753629197367,333.8994759169873,333.9132512920769,333.9132512920769,333.9132512920769,335.4954772089841,400,1,[1.5820184579351917],[1.5820216248976067],001,001,2025-11-11_12h06.03.542,Intentional_binding,,2025.1.1,None,2025-11-11 12h06.08.769985 +0530,
0.1,1000,exp,56,8,4,space,1.1383451260626316,None,400,1,[6.889764750027098],[6.889768042019568],4,8,56,9,335.500472499989,,335.4956511670025,335.500472499989,336.485911417054,336.485911417054,336.49816979200114,337.62562362500466,space,1.1383451260626316,None,337.62603516702075,337.72861091670734,338.030159041984,338.0153427920304,338.0170631670626,338.030159041984,338.030159041984,338.030159041984,344.92012658400927,400,1,[6.889764750027098],[6.889768042019568],001,001,2025-11-11_12h06.03.542,Intentional_binding,,2025.1.1,None,2025-11-11 12h06.08.769985 +0530,
0.7,1000,exp,57,9,4,space,1.0384204169968143,None,500,1,[1.6907143749995157],[1.6907174999359995],4,9,57,11,344.92473070905544,,344.92026779206935,344.92473070905544,345.91918695904315,345.91918695904315,345.91918695904315,346.9662602500757,space,1.0384204169968143,None,346.96842725004535,347.6666685416751,347.97093825007323,347.95692470902577,347.9584782089805,347.97093825007323,347.97093825007323,347.97093825007323,349.6618502920028,500,1,[1.6907143749995157],[1.6907174999359995],001,001,2025-11-11_12h06.03.542,Intentional_binding,,2025.1.1,None,2025-11-11 12h06.08.769985 +0530,
0.7,1000,exp,58,10,4,space,0.3391602080082521,None,300,1,[1.5180605829227716],[1.518063374911435],4,10,58,8,349.67405387503095,,349.66199620906264,349.67405387503095,350.66259333398193,350.66259333398193,350.66259333398193,351.00585829198826,space,0.3391602080082521,None,351.0076289999997,351.71563170868126,352.0202195000602,352.00630445906427,352.00804566708393,352.0202195000602,352.0202195000602,352.0202195000602,353.5384816250298,300,1,[1.5180605829227716],[1.518063374911435],001,001,2025-11-11_12h06.03.542,Intentional_binding,,2025.1.1,None,2025-11-11 12h06.08.769985 +0530,
0.4,400,unexp,59,11,4,space,0.6747060839552432,None,400,1,[3.2127460000338033],[3.2127495830645785],4,11,59,1,353.54087162506767,,353.5386271669995,353.54087162506767,354.5269103749888,354.5269103749888,354.54061675001867,355.20467075007036,space,0.6747060839552432,None,355.2061011249898,355.60472700064224,355.90532908402383,355.8915536670247,355.8930835420033,355.90532908402383,355.90532908402383,355.90532908402383,359.118292249972,400,1,[3.2127460000338033],[3.2127495830645785],001,001,2025-11-11_12h06.03.542,Intentional_binding,,2025.1.1,None,2025-11-11 12h06.08.769985 +0530,
0.4,1000,exp,60,0,5,space,0.5583145000273362,None,600,1,[1.63340633304324],[1.6334093749755993],5,0,60,7,359.1294247090118,,359.1184658750426,359.1294247090118,360.10916687501594,360.10916687501594,360.12594595900737,360.6817102920031,space,0.5583145000273362,None,360.6831636669813,361.0897855007245,361.3930313340388,361.37797600007616,361.38036562502384,361.3930313340388,361.3930313340388,361.3930313340388,363.02664995903615,600,1,[1.63340633304324],[1.6334093749755993],001,001,2025-11-11_12h06.03.542,Intentional_binding,,2025.1.1,None,2025-11-11 12h06.08.769985 +0530,
0.1,1000,exp,61,1,5,space,0.09990204207133502,None,500,1,[2.3573007920058444],[2.357303792028688],5,1,61,6,363.0378805419896,,363.026810750016,363.0378805419896,364.02054900000803,364.02054900000803,364.0251226250548,364.12449616706,space,0.09990204207133502,None,364.12627866701223,364.2246540006638,364.535364584066,364.51978354202583,364.5216855839826,364.535364584066,364.535364584066,364.535364584066,366.8928810840007,500,1,[2.3573007920058444],[2.357303792028688],001,001,2025-11-11_12h06.03.542,Intentional_binding,,2025.1.1,None,2025-11-11 12h06.08.769985 +0530,
0.1,400,unexp,62,2,5,space,1.1065232509281486,None,200,1,[1.2849864169256762],[1.284989457926713],5,2,62,0,366.90270466706716,,366.8930543339811,366.90270466706716,367.8887445840519,367.8887445840519,367.8935055839829,368.99856212502345,space,1.1065232509281486,None,368.9999508750625,369.0997615836716,369.40138633397873,369.38819075003266,369.38972112501506,369.40138633397873,369.40138633397873,369.40138633397873,370.6865864590509,200,1,[1.2849864169256762],[1.284989457926713],001,001,2025-11-11_12h06.03.542,Intentional_binding,,2025.1.1,None,2025-11-11 12h06.08.769985 +0530,
0.4,400,unexp,63,3,5,space,0.31562829203903675,None,300,1,[1.159419042058289],[1.1594219580292702],5,3,63,1,370.6974530000007,,370.6867248750059,370.6974530000007,371.6766472089803,371.6766472089803,371.69148658402264,372.0013160420349,space,0.31562829203903675,None,372.00298370898236,372.4032853757419,372.7184531670064,372.70269004197326,372.7050460000755,372.7184531670064,372.7184531670064,372.7184531670064,373.87809962499887,300,1,[1.159419042058289],[1.1594219580292702],001,001,2025-11-11_12h06.03.542,Intentional_binding,,2025.1.1,None,2025-11-11 12h06.08.769985 +0530,
0.7,1000,exp,64,4,5,space,0.2673874170286581,None,400,1,[1.8607735000550747],[1.8607762500178069],5,4,64,11,373.88890216697473,,373.87825891701505,373.88890216697473,374.8717508750269,374.8717508750269,374.8754230000777,375.1435548750451,space,0.2673874170286581,None,375.1440396250691,375.8478749587123,376.1613282500766,376.14530312502757,376.1493717089761,376.1613282500766,376.1613282500766,376.1613282500766,378.0223245000234,400,1,[1.8607735000550747],[1.8607762500178069],001,001,2025-11-11_12h06.03.542,Intentional_binding,,2025.1.1,None,2025-11-11 12h06.08.769985 +0530,
0.7,1000,exp,65,5,5,space,1.4895772089948878,None,500,1,[1.327460875036195],[1.3274635419948027],5,5,65,5,378.0252447089879,,378.02249416697305,378.0252447089879,379.010499541997,379.010499541997,379.02332383405883,380.50400758406613,space,1.4895772089948878,None,380.50583770906087,381.2051977087433,381.51937562506646,381.5036643340718,381.50655337504577,381.51937562506646,381.51937562506646,381.51937562506646,382.8470436250791,500,1,[1.327460875036195],[1.3274635419948027],001,001,2025-11-11_12h06.03.542,Intentional_binding,,2025.1.1,None,2025-11-11 12h06.08.769985 +0530,
0.7,1000,exp,66,6,5,space,0.9472980840364471,None,600,1,[2.2601947910152376],[2.2601990830153227],5,6,66,8,382.850511167082,,382.84717974998057,382.850511167082,383.83579970907886,383.83579970907886,383.84816637507174,384.78658325003926,space,0.9472980840364471,None,384.78694237500895,385.48842733371225,385.79340491699986,385.78090295905713,385.782880667015,385.79340491699986,385.79340491699986,385.79340491699986,388.05382350005675,600,1,[2.2601947910152376],[2.2601990830153227],001,001,2025-11-11_12h06.03.542,Intentional_binding,,2025.1.1,None,2025-11-11 12h06.08.769985 +0530,
0.4,1000,exp,67,7,5,space,0.02622883301228285,None,600,1,[1.228431083029136],[1.228433792013675],5,7,67,4,388.05807316699065,,388.0539889590582,388.05807316699065,389.04458924999926,389.04458924999926,389.05711712501943,389.0817678750027,space,0.02622883301228285,None,389.0834195839707,389.4891049166365,389.8008456249954,389.78773166704923,389.78988845902495,389.8008456249954,389.8008456249954,389.8008456249954,391.0294859589776,600,1,[1.228431083029136],[1.228433792013675],001,001,2025-11-11_12h06.03.542,Intentional_binding,,2025.1.1,None,2025-11-11 12h06.08.769985 +0530,
0.7,400,unexp,68,8,5,space,0.23772570909932256,None,700,1,[0.9276202090550214],[0.9276230001123622],5,8,68,2,391.03345058404375,,391.0296392920427,391.03345058404375,392.0310432499973,392.0310432499973,392.0310432499973,392.27528279204853,space,0.23772570909932256,None,392.2756546670571,392.9764555417389,393.2774411670398,393.26453554199543,393.2661194590619,393.2774411670398,393.2774411670398,393.2774411670398,394.20528375008143,700,1,[0.9276202090550214],[0.9276230001123622],001,001,2025-11-11_12h06.03.542,Intentional_binding,,2025.1.1,None,2025-11-11 12h06.08.769985 +0530,
0.1,1000,exp,69,9,5,space,1.104048749897629,None,800,1,[1.678563000052236],[1.678566083079204],5,9,69,3,394.2089299589861,,394.2054532499751,394.2089299589861,395.19657716702204,395.19657716702204,395.20073791698087,396.30290300003253,space,1.104048749897629,None,396.3043740000576,396.4060912506577,396.7185487500392,396.70340350002516,396.70553308399394,396.7185487500392,396.7185487500392,396.7185487500392,398.39734395907726,800,1,[1.678563000052236],[1.678566083079204],001,001,2025-11-11_12h06.03.542,Intentional_binding,,2025.1.1,None,2025-11-11 12h06.08.769985 +0530,
0.1,1000,exp,70,10,5,space,0.39408908400218934,None,300,1,[1.3513075419468805],[1.3513113749213517],5,10,70,9,398.400262500043,,398.3975244590547,398.400262500043,399.3874626670731,399.3874626670731,399.3920826250687,399.7885026250733,space,0.39408908400218934,None,399.79018229199573,399.8921884167396,400.202919375035,400.1874685420189,400.1900903340429,400.202919375035,400.202919375035,400.202919375035,401.55447312502656,300,1,[1.3513075419468805],[1.3513113749213517],001,001,2025-11-11_12h06.03.542,Intentional_binding,,2025.1.1,None,2025-11-11 12h06.08.769985 +0530,
0.4,1000,exp,71,11,5,space,1.4763495000079274,None,100,1,[1.6476869999896735],[1.6476898749824613],5,11,71,10,401.5592491669813,,401.5547082090052,401.5592491669813,402.5440831669839,402.5440831669839,402.55646954197437,404.02306129201315,space,1.4763495000079274,None,404.0247381250374,404.43034604174704,404.73172500007786,404.7181317920331,404.72035787499044,404.73172500007786,404.73172500007786,404.73172500007786,406.3796423750464,100,1,[1.6476869999896735],[1.6476898749824613],001,001,2025-11-11_12h06.03.542,Intentional_binding,,2025.1.1,None,2025-11-11 12h06.08.769985 +0530,
0.4,1000,exp,72,0,6,space,0.653774542035535,None,100,1,[1.619048917084001],[1.619052708032541],6,0,72,7,406.3834712919779,,406.3798213750124,406.3834712919779,407.3755837089848,407.3755837089848,407.3755837089848,408.0337995419977,space,0.653774542035535,None,408.035341958981,408.4400020007199,408.75116958399303,408.7356197920162,408.73808712500613,408.75116958399303,408.75116958399303,408.75116958399303,410.3704530419782,100,1,[1.619048917084001],[1.619052708032541],001,001,2025-11-11_12h06.03.542,Intentional_binding,,2025.1.1,None,2025-11-11 12h06.08.769985 +0530,
0.7,1000,exp,73,1,6,space,1.2998242920730263,None,200,1,[0.8444292909698561],[0.8444321249844506],6,1,73,5,410.3753144170623,,410.37062100006733,410.3753144170623,411.36144116707146,411.36144116707146,411.37341116706375,412.6671295419801,space,1.2998242920730263,None,412.66859450004995,413.36692683370006,413.67413462500554,413.6615189589793,413.6634890839923,413.67413462500554,413.67413462500554,413.67413462500554,414.51880266703665,200,1,[0.8444292909698561],[0.8444321249844506],001,001,2025-11-11_12h06.03.542,Intentional_binding,,2025.1.1,None,2025-11-11 12h06.08.769985 +0530,
0.4,400,unexp,74,2,6,space,0.6766177500830963,None,300,1,[1.0369582080747932],[1.0369612500071526],6,2,74,1,414.5282726670848,,414.5189762089867,414.5282726670848,415.52050108404364,415.52050108404364,415.52050108404364,416.20808775001206,space,0.6766177500830963,None,416.2103797500022,416.61575387564176,416.917949374998,416.9049261250766,416.9066044590436,416.917949374998,416.917949374998,416.917949374998,417.95513358397875,300,1,[1.0369582080747932],[1.0369612500071526],001,001,2025-11-11_12h06.03.542,Intentional_binding,,2025.1.1,None,2025-11-11 12h06.08.769985 +0530,
0.1,1000,exp,75,3,6,space,0.39141924993600696,None,200,1,[1.5176041250815615],[1.5176066251005977],6,3,75,6,417.95890341699123,,417.9552960000001,417.95890341699123,418.9446839169832,418.9446839169832,418.9572239590343,419.3494492920581,space,0.39141924993600696,None,419.3512520000804,419.4554210416429,419.7679052919848,419.7552325420547,419.7573109170189,419.7679052919848,419.7679052919848,419.7679052919848,421.2857259589946,200,1,[1.5176041250815615],[1.5176066251005977],001,001,2025-11-11_12h06.03.542,Intentional_binding,,2025.1.1,None,2025-11-11 12h06.08.769985 +0530,
0.7,1000,exp,76,4,6,space,0.5481326670851558,None,300,1,[1.053487416007556],[1.0534904579399154],6,4,76,11,421.2928026249865,,421.285871084081,421.2928026249865,422.27582479198463,422.27582479198463,422.2848159170244,422.8342335000634,space,0.5481326670851558,None,422.8359379169997,423.5384824167161,423.84184745897073,423.8269128750544,423.8292302089976,423.84184745897073,423.84184745897073,423.84184745897073,424.8955634169979,300,1,[1.053487416007556],[1.0534904579399154],001,001,2025-11-11_12h06.03.542,Intentional_binding,,2025.1.1,None,2025-11-11 12h06.08.769985 +0530,
0.1,1000,exp,77,5,6,space,0.4370988749433309,None,100,1,[1.6794017089996487],[1.6794048339361325],6,5,77,3,424.89983112504706,,424.89573912497144,424.89983112504706,425.8967728340067,425.8967728340067,425.8967728340067,426.33846437500324,space,0.4370988749433309,None,426.34008979203645,426.4379410417207,426.74177691701334,426.72755270905327,426.7296137920348,426.74177691701334,426.74177691701334,426.74177691701334,428.4214684170438,100,1,[1.6794017089996487],[1.6794048339361325],001,001,2025-11-11_12h06.03.542,Intentional_binding,,2025.1.1,None,2025-11-11 12h06.08.769985 +0530,
0.1,1000,exp,78,6,6,space,0.4009972920175642,None,200,1,[1.9820676250383258],[1.9820705420570448],6,6,78,9,428.42563358403277,,428.42168929206673,428.42563358403277,429.4209016250679,429.4209016250679,429.4209016250679,429.8275530419778,space,0.4009972920175642,None,429.8290493750246,429.93963358371207,430.244278834085,430.2296570420731,430.2315975839738,430.244278834085,430.244278834085,430.244278834085,432.22658070898615,200,1,[1.9820676250383258],[1.9820705420570448],001,001,2025-11-11_12h06.03.542,Intentional_binding,,2025.1.1,None,2025-11-11 12h06.08.769985 +0530,
0.4,1000,exp,79,7,6,space,0.2477441669907421,None,200,1,[3.2737000840716064],[3.273702917038463],6,7,79,4,432.23734666698147,,432.22675383405294,432.23734666698147,433.220967084053,433.220967084053,433.2261421669973,433.48302241705824,space,0.2477441669907421,None,433.4845660000574,433.88806879165736,434.1983475839952,434.1853056669934,434.187390584033,434.1983475839952,434.1983475839952,434.1983475839952,437.4722949169809,200,1,[3.2737000840716064],[3.273702917038463],001,001,2025-11-11_12h06.03.542,Intentional_binding,,2025.1.1,None,2025-11-11 12h06.08.769985 +0530,
0.1,400,unexp,80,8,6,space,0.3844340010546148,None,300,1,[1.2216861669439822],[1.2216892499709502],6,8,80,0,437.4750190420309,,437.4724756249925,437.4750190420309,438.46712683397345,438.46712683397345,438.46712683397345,438.8627083749743,space,0.3844340010546148,None,438.86308812501375,438.9714990837422,439.2750606670743,439.2597864170093,439.26204391696956,439.2750606670743,439.2750606670743,439.2750606670743,440.496982541983,300,1,[1.2216861669439822],[1.2216892499709502],001,001,2025-11-11_12h06.03.542,Intentional_binding,,2025.1.1,None,2025-11-11 12h06.08.769985 +0530,
0.4,1000,exp,81,9,6,space,0.2866895420011133,None,300,1,[1.5148533750325441],[1.5148562079994008],6,9,81,10,440.50055800005794,,440.4971496249782,440.50055800005794,441.4838291250635,441.4838291250635,441.4972812089836,441.7805636250414,space,0.2866895420011133,None,441.7824891670607,442.1799810416453,442.4804227090208,442.46655216708314,442.46836895903107,442.4804227090208,442.4804227090208,442.4804227090208,443.9955169589957,300,1,[1.5148533750325441],[1.5148562079994008],001,001,2025-11-11_12h06.03.542,Intentional_binding,,2025.1.1,None,2025-11-11 12h06.08.769985 +0530,
0.7,1000,exp,82,10,6,space,0.5681357919238508,None,400,1,[2.035521375015378],[2.0355241670040414],6,10,82,8,444.00005008408334,,443.99568925006315,444.00005008408334,444.98830066702794,444.98830066702794,444.98830066702794,445.5605450000148,space,0.5681357919238508,None,445.56210733402986,446.2637618757474,446.5686630420387,446.5529092090437,446.55516912497114,446.5686630420387,446.5686630420387,446.5686630420387,448.6044060420245,400,1,[2.035521375015378],[2.0355241670040414],001,001,2025-11-11_12h06.03.542,Intentional_binding,,2025.1.1,None,2025-11-11 12h06.08.769985 +0530,
0.7,400,unexp,83,11,6,space,0.5258197920629755,None,500,1,[3.7905732500366867],[3.7905764169991016],6,11,83,2,448.60819341707975,,448.6045462919865,448.60819341707975,449.60053987498395,449.60053987498395,449.60053987498395,450.1314361250261,space,0.5258197920629755,None,450.13270133407786,450.8333159166543,451.1272842499893,451.1198234590702,451.1201720420504,451.1272842499893,451.1272842499893,451.1272842499893,454.9180976250209,500,1,[3.7905732500366867],[3.7905764169991016],001,001,2025-11-11_12h06.03.542,Intentional_binding,,2025.1.1,None,2025-11-11 12h06.08.769985 +0530,
0.1,1000,exp,84,0,7,space,0.48361212492454797,None,700,1,[3.7613997500156984],[3.7614035420119762],7,0,84,9,454.92934879206587,,454.918273834046,454.92934879206587,455.91954470903147,455.91954470903147,455.91954470903147,456.41782550001517,space,0.48361212492454797,None,456.41936016699765,456.51711937570167,456.8265145000769,456.8117265420733,456.8139760000631,456.8265145000769,456.8265145000769,456.8265145000769,460.58815216703806,700,1,[3.7613997500156984],[3.7614035420119762],001,001,2025-11-11_12h06.03.542,Intentional_binding,,2025.1.1,None,2025-11-11 12h06.08.769985 +0530,
0.4,400,unexp,85,1,7,space,0.44060991692822427,None,800,1,[1.5933051669271663],[1.5933081249240786],7,1,85,1,460.5921949170297,,460.5883374999976,460.5921949170297,461.58045337500516,461.58045337500516,461.58045337500516,462.0264996669721,space,0.44060991692822427,None,462.028281625011,462.43015429174216,462.74472700001206,462.7298452500254,462.73220800003037,462.74472700001206,462.74472700001206,462.74472700001206,464.33828616701066,800,1,[1.5933051669271663],[1.5933081249240786],001,001,2025-11-11_12h06.03.542,Intentional_binding,,2025.1.1,None,2025-11-11 12h06.08.769985 +0530,
0.7,1000,exp,86,2,7,space,0.10958275105804205,None,400,1,[2.387324457988143],[2.3873274159850553],7,2,86,8,464.3420227919705,,464.3384816250764,464.3420227919705,465.3293755420018,465.3293755420018,465.33371283404995,465.44829916697927,space,0.10958275105804205,None,465.4498460839968,466.1558379587407,466.4588448749855,466.4430503749754,466.44571404205635,466.4588448749855,466.4588448749855,466.4588448749855,468.846410709084,400,1,[2.387324457988143],[2.3873274159850553],001,001,2025-11-11_12h06.03.542,Intentional_binding,,2025.1.1,None,2025-11-11 12h06.08.769985 +0530,
0.1,1000,exp,87,3,7,space,0.8087641249876469,None,200,1,[2.319471292081289],[2.319474042044021],7,3,87,6,468.85022462497,,468.846592084039,468.85022462497,469.84498879197054,469.84498879197054,469.84498879197054,470.6673955420265,space,0.8087641249876469,None,470.66904000006616,470.7733222917343,471.0857354589971,471.07048937503714,471.072772292071,471.0857354589971,471.0857354589971,471.0857354589971,473.40545370907057,200,1,[2.319471292081289],[2.319474042044021],001,001,2025-11-11_12h06.03.542,Intentional_binding,,2025.1.1,None,2025-11-11 12h06.08.769985 +0530,
0.4,1000,exp,88,4,7,space,0.5081448761047795,None,700,1,[3.0465147079667076],[3.046517707989551],7,4,88,10,473.40870550007094,,473.4056224169908,473.40870550007094,474.3966085839784,474.3966085839784,474.3966085839784,474.90788012498524,space,0.5081448761047795,None,474.9089280840708,475.3078484587061,475.6086614590604,475.5964762499789,475.5983841250418,475.6086614590604,475.6086614590604,475.6086614590604,478.6554044170771,700,1,[3.0465147079667076],[3.046517707989551],001,001,2025-11-11_12h06.03.542,Intentional_binding,,2025.1.1,None,2025-11-11 12h06.08.769985 +0530,
0.7,1000,exp,89,5,7,space,0.28051537508144975,None,600,1,[1.1852630419889465],[1.185265666921623],7,5,89,11,478.6584677089704,,478.6555553340586,478.6584677089704,479.65539299999364,479.65539299999364,479.65539299999364,479.9386644590413,space,0.28051537508144975,None,479.94042087497655,480.6404125417505,480.94346120906994,480.9280487090582,480.93073137500323,480.94346120906994,480.94346120906994,480.94346120906994,482.1289590840461,600,1,[1.1852630419889465],[1.185265666921623],001,001,2025-11-11_12h06.03.542,Intentional_binding,,2025.1.1,None,2025-11-11 12h06.08.769985 +0530,
0.7,1000,exp,90,6,7,space,0.24646404199302197,None,400,1,[0.9766702500637621],[0.9766731660347432],7,6,90,5,482.13890441705007,,482.1291027920088,482.13890441705007,483.1290266669821,483.1290266669821,483.1290266669821,483.38383079203777,space,0.24646404199302197,None,483.38521700003184,484.08550654171654,484.4022728750715,484.3858664170839,484.38850508397445,484.4022728750715,484.4022728750715,484.4022728750715,485.3791833750438,400,1,[0.9766702500637621],[0.9766731660347432],001,001,2025-11-11_12h06.03.542,Intentional_binding,,2025.1.1,None,2025-11-11 12h06.08.769985 +0530,
0.1,1000,exp,91,7,7,space,0.25266295892652124,None,700,1,[3.3947764170588925],[3.394780125003308],7,7,91,3,485.38393987505697,,485.3793459170265,485.38393987505697,486.3707991670817,486.3707991670817,486.3757787090726,486.6320068750065,space,0.25266295892652124,None,486.63367624999955,486.7334735836523,487.04174079198856,487.027984125074,487.02994191704784,487.04174079198856,487.04174079198856,487.04174079198856,490.4367886669934,700,1,[3.3947764170588925],[3.394780125003308],001,001,2025-11-11_12h06.03.542,Intentional_binding,,2025.1.1,None,2025-11-11 12h06.08.769985 +0530,
0.4,1000,exp,92,8,7,space,0.3874695840058848,None,800,1,[2.1949794159736484],[2.194982458022423],7,8,92,4,490.44156404200476,,490.43696462502703,490.44156404200476,491.42583333398215,491.42583333398215,491.4391487920657,491.8170413339976,space,0.3874695840058848,None,491.819024000084,492.21687300067083,492.5235184170306,492.50588050007354,492.5077529590344,492.5235184170306,492.5235184170306,492.5235184170306,494.719021041994,800,1,[2.1949794159736484],[2.194982458022423],001,001,2025-11-11_12h06.03.542,Intentional_binding,,2025.1.1,None,2025-11-11 12h06.08.769985 +0530,
0.7,400,unexp,93,9,7,space,0.38624154194258153,None,900,1,[2.7853122079977766],[2.7853152500465512],7,9,93,2,494.72904845897574,,494.71920812502503,494.72904845897574,495.7199117500568,495.7199117500568,495.7199117500568,496.1147765839705,space,0.38624154194258153,None,496.115214999998,496.82292804174745,497.1246853340417,497.11333470907994,497.11507020902354,497.1246853340417,497.1246853340417,497.1246853340417,499.91061416699085,900,1,[2.7853122079977766],[2.7853152500465512],001,001,2025-11-11_12h06.03.542,Intentional_binding,,2025.1.1,None,2025-11-11 12h06.08.769985 +0530,
0.4,1000,exp,94,10,7,space,1.2283649580786005,None,300,1,[1.3022796250879765],[1.302283083088696],7,10,94,7,499.92004191700835,,499.91081704199314,499.92004191700835,500.90063491708133,500.90063491708133,500.9181832920294,502.1355933750747,space,1.2283649580786005,None,502.1363784170244,502.5370952507403,502.836809459026,502.82396449998487,502.82578716706485,502.836809459026,502.836809459026,502.836809459026,504.1393513750518,300,1,[1.3022796250879765],[1.302283083088696],001,001,2025-11-11_12h06.03.542,Intentional_binding,,2025.1.1,None,2025-11-11 12h06.08.769985 +0530,
0.1,400,unexp,95,11,7,space,0.422643959056586,None,400,1,[1.4517902079969645],[1.4517929159337655],7,11,95,0,504.1419524590019,,504.1395674169762,504.1419524590019,505.1293319170363,505.1293319170363,505.1293319170363,505.55369579198305,space,0.422643959056586,None,505.5540421670303,505.65803770866864,505.9605463750195,505.9461526250234,505.94787683407776,505.9605463750195,505.9605463750195,505.9605463750195,507.41256850003265,400,1,[1.4517902079969645],[1.4517929159337655],001,001,2025-11-11_12h06.03.542,Intentional_binding,,2025.1.1,None,2025-11-11 12h06.08.769985 +0530,
0.7,1000,exp,96,0,8,space,0.4712302089901641,None,500,1,[0.9983620840357617],[0.9983648339984939],8,0,96,8,507.4163476250833,,507.4127074170392,507.4163476250833,508.41066083405167,508.41066083405167,508.41066083405167,508.8910535420291,space,0.4712302089901641,None,508.89266495907214,509.5919841667094,509.89761745906435,509.8827058749739,509.8847073339857,509.89761745906435,509.89761745906435,509.89761745906435,510.896207917016,500,1,[0.9983620840357617],[0.9983648339984939],001,001,2025-11-11_12h06.03.542,Intentional_binding,,2025.1.1,None,2025-11-11 12h06.08.769985 +0530,
0.7,1000,exp,97,1,8,space,0.420478249900043,None,600,1,[4.463979874970391],[4.463983166031539],8,1,97,11,510.8999572499888,,510.8963510419708,510.8999572499888,511.88435333408415,511.88435333408415,511.8975193750812,512.3101144999964,space,0.420478249900043,None,512.3115885000443,513.0140204167149,513.3157607089961,513.304721374996,513.3066024590516,513.3157607089961,513.3157607089961,513.3157607089961,517.7799765840173,600,1,[4.463979874970391],[4.463983166031539],001,001,2025-11-11_12h06.03.542,Intentional_binding,,2025.1.1,None,2025-11-11 12h06.08.769985 +0530,
0.4,400,unexp,98,2,8,space,0.26276495901402086,None,800,1,[1.7533182919723913],[1.7533212919952348],8,2,98,1,517.783454959048,,517.7801241250709,517.783454959048,518.7708244590322,518.7708244590322,518.7753532089991,519.0355372499907,space,0.26276495901402086,None,519.037132000085,519.4383275416369,519.7510047090473,519.7359567920212,519.7383892920334,519.7510047090473,519.7510047090473,519.7510047090473,521.5045639590826,800,1,[1.7533182919723913],[1.7533212919952348],001,001,2025-11-11_12h06.03.542,Intentional_binding,,2025.1.1,None,2025-11-11 12h06.08.769985 +0530,
0.1,1000,exp,99,3,8,space,0.5602317500161007,None,300,1,[2.807876667007804],[2.8078794170869514],8,3,99,6,521.5083479169989,,521.5047425840748,521.5083479169989,522.5043230840238,522.5043230840238,522.5043230840238,523.0737998340046,space,0.5602317500161007,None,523.0755644590827,523.1816440836449,523.485440584016,523.4716590420576,523.4738962920383,523.485440584016,523.485440584016,523.485440584016,526.293887375039,300,1,[2.807876667007804],[2.8078794170869514],001,001,2025-11-11_12h06.03.542,Intentional_binding,,2025.1.1,None,2025-11-11 12h06.08.769985 +0530,
0.4,1000,exp,100,4,8,space,0.26475116703659296,None,200,1,[0.9413374580908567],[0.941340500023216],8,4,100,7,526.3047051250469,,526.2942530839937,526.3047051250469,527.2836577499984,527.2836577499984,527.3019027090631,527.5576176670147,space,0.26475116703659296,None,527.5592454590369,527.9607182086368,528.261589917005,528.2481469999766,528.2502532090293,528.261589917005,528.261589917005,528.261589917005,529.2031698339852,200,1,[0.9413374580908567],[0.941340500023216],001,001,2025-11-11_12h06.03.542,Intentional_binding,,2025.1.1,None,2025-11-11 12h06.08.769985 +0530,
0.1,1000,exp,101,5,8,space,0.5375951669411734,None,200,1,[4.30824541603215],[4.308248291024938],8,5,101,3,529.2079059589887,,529.2033437089995,529.2079059589887,530.2000317500206,530.2000317500206,530.2000317500206,530.742364124977,space,0.5375951669411734,None,530.7427828750806,530.8483127506372,531.1599684170214,531.1441135000205,531.1471865420463,531.1599684170214,531.1599684170214,531.1599684170214,535.4684582090704,200,1,[4.30824541603215],[4.308248291024938],001,001,2025-11-11_12h06.03.542,Intentional_binding,,2025.1.1,None,2025-11-11 12h06.08.769985 +0530,
0.1,1000,exp,102,6,8,space,0.7567107919603586,None,100,1,[0.9285386659903452],[0.9285414579790086],8,6,102,9,535.4774542920059,,535.4686152919894,535.4774542920059,536.4674634590046,536.4674634590046,536.4674634590046,537.2266962090507,space,0.7567107919603586,None,537.2282168340171,537.3266615836803,537.631201375043,537.6181735839928,537.6202966250712,537.631201375043,537.631201375043,537.631201375043,538.5599835420726,100,1,[0.9285386659903452],[0.9285414579790086],001,001,2025-11-11_12h06.03.542,Intentional_binding,,2025.1.1,None,2025-11-11 12h06.08.769985 +0530,
0.1,400,unexp,103,7,8,space,0.7503860420547426,None,50,1,[3.389177499921061],[3.389180750004016],8,7,103,0,538.570828084019,,538.5601639590459,538.570828084019,539.5527793749934,539.5527793749934,539.5733346670168,540.3174441669835,space,0.7503860420547426,None,540.3192058340646,540.4316462086902,540.7325125000207,540.7188018340385,540.7208155000117,540.7325125000207,540.7325125000207,540.7325125000207,544.1219406250166,50,1,[3.389177499921061],[3.389180750004016],001,001,2025-11-11_12h06.03.542,Intentional_binding,,2025.1.1,None,2025-11-11 12h06.08.769985 +0530,
0.4,1000,exp,104,8,8,space,2.4490148759214208,None,800,1,[10.184154667076655],[10.184158167103305],8,8,104,10,544.1318308750633,,544.1221114170039,544.1318308750633,545.1188431669725,545.1188431669725,545.1238088749815,547.5789330840344,space,2.4490148759214208,None,547.5810094589833,547.9842142917371,548.2896942920052,548.2756780000636,548.2777151250048,548.2896942920052,548.2896942920052,548.2896942920052,558.4740875000134,800,1,[10.184154667076655],[10.184158167103305],001,001,2025-11-11_12h06.03.542,Intentional_binding,,2025.1.1,None,2025-11-11 12h06.08.769985 +0530,
0.7,1000,exp,105,9,8,space,0.46938033401966095,None,500,1,[1.8973789169685915],[1.897382082999684],8,9,105,5,558.4846737500047,,558.4742437499808,558.4846737500047,559.4712875420228,559.4712875420228,559.4820650420152,559.9522967920639,space,0.46938033401966095,None,559.9537824590225,560.6545182506709,560.9680360839702,560.9517805000069,560.9538658340462,560.9680360839702,560.9680360839702,560.9680360839702,562.8656912919832,500,1,[1.8973789169685915],[1.897382082999684],001,001,2025-11-11_12h06.03.542,Intentional_binding,,2025.1.1,None,2025-11-11 12h06.08.769985 +0530,
0.4,1000,exp,106,10,8,space,1.2509019590215757,None,400,1,[1.609340540948324],[1.609343666001223],8,10,106,4,562.871953709051,,562.8659051670693,562.871953709051,563.862547375029,563.862547375029,563.8679931249935,565.1176408340689,space,1.2509019590215757,None,565.1194547920022,565.517674416715,565.8232304999838,565.812683917,565.8130880420795,565.8232304999838,565.8232304999838,565.8232304999838,567.4328284590738,400,1,[1.609340540948324],[1.609343666001223],001,001,2025-11-11_12h06.03.542,Intentional_binding,,2025.1.1,None,2025-11-11 12h06.08.769985 +0530,
0.7,400,unexp,107,11,8,space,1.1915934999706224,None,700,1,[1.186614750069566],[1.1866180410142988],8,11,107,2,567.4376070420258,,567.433045541984,567.4376070420258,568.4248412090819,568.4248412090819,568.4298151669791,569.621498792083,space,1.1915934999706224,None,569.6227200840367,570.3210677507489,570.622913209023,570.6081956250127,570.6099575000117,570.622913209023,570.622913209023,570.622913209023,571.8098067090614,700,1,[1.186614750069566],[1.1866180410142988],001,001,2025-11-11_12h06.03.542,Intentional_binding,,2025.1.1,None,2025-11-11 12h06.08.769985 +0530,
0.1,400,unexp,108,0,9,space,0.270484667038545,None,300,1,[2.0067036660620943],[2.0067064580507576],9,0,108,0,571.8122386250179,,571.8099837499904,571.8122386250179,572.8091012090445,572.8091012090445,572.8091012090445,573.0866571670631,space,0.270484667038545,None,573.0883285000455,573.1944501257424,573.497593792039,573.4826731670182,573.4852392090252,573.497593792039,573.497593792039,573.497593792039,575.5045370840235,300,1,[2.0067036660620943],[2.0067064580507576],001,001,2025-11-11_12h06.03.542,Intentional_binding,,2025.1.1,None,2025-11-11 12h06.08.769985 +0530,
0.7,1000,exp,109,1,9,space,0.2267947089858353,None,200,1,[2.4249077918939292],[2.4249106670031324],9,1,109,11,575.5142337920843,,575.5046795000089,575.5142337920843,576.5064344999846,576.5064344999846,576.5064344999846,576.7448570000706,space,0.2267947089858353,None,576.7465404170798,577.4523435837511,577.7596888340777,577.7470644169953,577.7490266250679,577.7596888340777,577.7596888340777,577.7596888340777,580.1848495840095,200,1,[2.4249077918939292],[2.4249106670031324],001,001,2025-11-11_12h06.03.542,Intentional_binding,,2025.1.1,None,2025-11-11 12h06.08.769985 +0530,
0.1,1000,exp,110,2,9,space,1.3005030839703977,None,100,1,[1.7852930830558762],[1.7852960829623044],9,2,110,9,580.1871516670799,,580.1849953749916,580.1871516670799,581.183617291972,581.183617291972,581.183617291972,582.4897860840429,space,1.3005030839703977,None,582.4910308750113,582.5957823757237,582.9065280840732,582.8905441670213,582.893482292071,582.9065280840732,582.9065280840732,582.9065280840732,584.692075625062,100,1,[1.7852930830558762],[1.7852960829623044],001,001,2025-11-11_12h06.03.542,Intentional_binding,,2025.1.1,None,2025-11-11 12h06.08.769985 +0530,
0.4,1000,exp,111,3,9,space,0.6052707500057295,None,200,1,[1.234523041988723],[1.2345257080160081],9,3,111,10,584.6962227920303,,584.6922306250781,584.6962227920303,585.6840110840276,585.6840110840276,585.6876480419887,586.2938622500515,space,0.6052707500057295,None,586.2951851669932,586.6958107087451,587.0066202500602,586.9914322920376,586.9936850840459,587.0066202500602,587.0066202500602,587.0066202500602,588.2413797500776,200,1,[1.234523041988723],[1.2345257080160081],001,001,2025-11-11_12h06.03.542,Intentional_binding,,2025.1.1,None,2025-11-11 12h06.08.769985 +0530,
0.7,400,unexp,112,4,9,space,0.301325501059182,None,300,1,[1.0859328750520945],[1.085935915936716],9,4,112,2,588.2528405840276,,588.2415185420541,588.2528405840276,589.2295297919773,589.2295297919773,589.2477767500095,589.5344534170581,space,0.301325501059182,None,589.536193542066,590.2354403756947,590.5387152499752,590.5254911250668,590.5272756670602,590.5387152499752,590.5387152499752,590.5387152499752,591.6248927090783,300,1,[1.0859328750520945],[1.085935915936716],001,001,2025-11-11_12h06.03.542,Intentional_binding,,2025.1.1,None,2025-11-11 12h06.08.769985 +0530,
0.4,400,unexp,113,5,9,space,0.2784758750349283,None,300,1,[1.1708257499849424],[1.1708286670036614],9,5,113,1,591.6297172500053,,591.62506304204,591.6297172500053,592.6233314169804,592.6233314169804,592.6233314169804,592.9085586670553,space,0.2784758750349283,None,592.9104661250021,593.3096887507165,593.6133074590471,593.5999212920433,593.6019611670636,593.6133074590471,593.6133074590471,593.6133074590471,594.7843814999796,300,1,[1.1708257499849424],[1.1708286670036614],001,001,2025-11-11_12h06.03.542,Intentional_binding,,2025.1.1,None,2025-11-11 12h06.08.769985 +0530,
0.7,1000,exp,114,6,9,space,0.24817229202017188,None,400,1,[1.227497374988161],[1.227500333916396],9,6,114,8,594.7875845000381,,594.7845412499737,594.7875845000381,595.784528166987,595.784528166987,595.784528166987,596.0439920420758,space,0.24817229202017188,None,596.0454267499736,596.7440002506521,597.054583625053,597.0396324170288,597.0419747920241,597.054583625053,597.054583625053,597.054583625053,598.2823280839948,400,1,[1.227497374988161],[1.227500333916396],001,001,2025-11-11_12h06.03.542,Intentional_binding,,2025.1.1,None,2025-11-11 12h06.08.769985 +0530,
0.1,1000,exp,115,7,9,space,0.4689082920085639,None,200,1,[7.037070917082019],[7.037073667044751],9,7,115,6,598.2923040000023,,598.2824998750584,598.2923040000023,599.2747407499701,599.2747407499701,599.2799445419805,599.7558405000018,space,0.4689082920085639,None,599.7572879170766,599.8614492086383,600.1639224999817,600.1486959169852,600.1517213340849,600.1639224999817,600.1639224999817,600.1639224999817,607.2012542500161,200,1,[7.037070917082019],[7.037073667044751],001,001,2025-11-11_12h06.03.542,Intentional_binding,,2025.1.1,None,2025-11-11 12h06.08.769985 +0530,
0.7,1000,exp,116,8,9,space,0.2191282919375226,None,600,1,[1.540871208999306],[1.5408742500003427],9,8,116,5,607.2040007499745,,607.201450875029,607.2040007499745,608.1983437919989,608.1983437919989,608.1983437919989,608.4303850000724,space,0.2191282919375226,None,608.432035167003,609.133174375693,609.4479321669787,609.4315393340075,609.4339259170229,609.4479321669787,609.4479321669787,609.4479321669787,610.989064417081,600,1,[1.540871208999306],[1.5408742500003427],001,001,2025-11-11_12h06.03.542,Intentional_binding,,2025.1.1,None,2025-11-11 12h06.08.769985 +0530,
0.1,1000,exp,117,9,9,space,0.5106529579497874,None,200,1,[1.882721749949269],[1.8827247499721125],9,9,117,3,610.9995337920263,,610.989245792036,610.9995337920263,611.9796340840403,611.9796340840403,611.9976020000177,612.4929147090297,space,0.5106529579497874,None,612.4947604170302,612.6006419587104,612.9147309589898,612.8994375420734,612.9021386670647,612.9147309589898,612.9147309589898,612.9147309589898,614.7979516669875,200,1,[1.882721749949269],[1.8827247499721125],001,001,2025-11-11_12h06.03.542,Intentional_binding,,2025.1.1,None,2025-11-11 12h06.08.769985 +0530,
0.4,1000,exp,118,10,9,space,0.4538750830106437,None,500,1,[3.2255847909254953],[3.225588124943897],9,10,118,7,614.8090026670834,,614.7981464170152,614.8090026670834,615.7882426250726,615.7882426250726,615.8055303340079,616.2546727500157,space,0.4538750830106437,None,616.2562487090472,616.6586406257159,616.9716235420201,616.9565972089767,616.9588160000276,616.9716235420201,616.9716235420201,616.9716235420201,620.1974559590453,500,1,[3.2255847909254953],[3.225588124943897],001,001,2025-11-11_12h06.03.542,Intentional_binding,,2025.1.1,None,2025-11-11 12h06.08.769985 +0530,
0.4,1000,exp,119,11,9,space,1.5352268760325387,None,700,1,[1.3788314999546856],[1.3788343339692801],9,11,119,4,620.2072875420563,,620.1976442920277,620.2072875420563,621.1948814999778,621.1948814999778,621.2002271669917,622.7355356250191,space,1.5352268760325387,None,622.7368931249948,623.1452119167118,623.4462453749729,623.4321542920079,623.4343837919878,623.4462453749729,623.4462453749729,623.4462453749729,624.8253222090425,700,1,[1.3788314999546856],[1.3788343339692801],001,001,2025-11-11_12h06.03.542,Intentional_binding,,2025.1.1,None,2025-11-11 12h06.08.769985 +0530,
0.7,400,unexp,120,0,10,space,0.7861815000651404,None,900,1,[3.578777040936984],[3.578779957955703],10,0,120,2,624.8292235420085,,624.8254894170677,624.8292235420085,625.8208100839984,625.8208100839984,625.8208100839984,626.6138033750467,space,0.7861815000651404,None,626.6141709589865,627.316921916736,627.613463500049,627.6047599170124,627.605233417009,627.613463500049,627.613463500049,627.613463500049,631.1924959999742,900,1,[3.578777040936984],[3.578779957955703],001,001,2025-11-11_12h06.03.542,Intentional_binding,,2025.1.1,None,2025-11-11 12h06.08.769985 +0530,
0.1,1000,exp,121,1,10,space,0.35329720901791006,None,300,1,[2.392510332982056],[2.3925134579185396],10,1,121,6,631.1959822090575,,631.1927155420417,631.1959822090575,632.1815171670169,632.1815171670169,632.1937428750098,632.5457718339749,space,0.35329720901791006,None,632.5475895000855,632.6526595416401,632.9571832920192,632.9427715420024,632.944876249996,632.9571832920192,632.9571832920192,632.9571832920192,635.3499446670758,300,1,[2.392510332982056],[2.3925134579185396],001,001,2025-11-11_12h06.03.542,Intentional_binding,,2025.1.1,None,2025-11-11 12h06.08.769985 +0530,
0.4,1000,exp,122,2,10,space,0.414521542028524,None,100,1,[1.3752150420332327],[1.375218000030145],10,2,122,4,635.3548036250286,,635.3501242920756,635.3548036250286,636.3476606250042,636.3476606250042,636.3476606250042,636.7694047089899,space,0.414521542028524,None,636.7708659999771,637.1767182086517,637.4800394590711,637.4671717920573,637.4690397500526,637.4800394590711,637.4800394590711,637.4800394590711,638.855512542068,100,1,[1.3752150420332327],[1.375218000030145],001,001,2025-11-11_12h06.03.542,Intentional_binding,,2025.1.1,None,2025-11-11 12h06.08.769985 +0530,
0.4,1000,exp,123,3,10,space,0.4636861670296639,None,200,1,[1.3987261250149459],[1.398729334003292],10,3,123,10,638.8664232090814,,638.8556867500301,638.8664232090814,639.849970084033,639.849970084033,639.8545521670021,640.3205336669926,space,0.4636861670296639,None,640.3220477920258,640.7222515417418,641.025640625041,641.0121455000481,641.0141629170394,641.025640625041,641.025640625041,641.025640625041,642.4246096670395,200,1,[1.3987261250149459],[1.398729334003292],001,001,2025-11-11_12h06.03.542,Intentional_binding,,2025.1.1,None,2025-11-11 12h06.08.769985 +0530,
0.7,1000,exp,124,4,10,space,1.0766702089458704,None,800,1,[3.9758448329521343],[3.975847499910742],10,4,124,11,642.4290708340704,,642.4247942920774,642.4290708340704,643.4218830419704,643.4218830419704,643.4218830419704,644.5124562500278,space,1.0766702089458704,None,644.5137800000375,645.2176271257379,645.5319103749935,645.5163575840415,645.5191689169733,645.5319103749935,645.5319103749935,645.5319103749935,649.5079872920178,800,1,[3.9758448329521343],[3.975847499910742],001,001,2025-11-11_12h06.03.542,Intentional_binding,,2025.1.1,None,2025-11-11 12h06.08.769985 +0530,
0.7,1000,exp,125,5,10,space,0.4719542079837993,None,400,1,[1.2938252500025555],[1.293828041991219],10,5,125,5,649.5196730840253,,649.508135125041,649.5196730840253,650.496430750005,650.496430750005,650.51552283403,650.9786869169911,space,0.4719542079837993,None,650.9803095840616,651.6867005837305,651.9892042090651,651.9741249589715,651.9763816250488,651.9892042090651,651.9892042090651,651.9892042090651,653.2832842919743,400,1,[1.2938252500025555],[1.293828041991219],001,001,2025-11-11_12h06.03.542,Intentional_binding,,2025.1.1,None,2025-11-11 12h06.08.769985 +0530,
0.1,1000,exp,126,6,10,space,0.6885202089324594,None,200,1,[1.5743675410049036],[1.5743716249708086],10,6,126,3,653.2874412920792,,653.2834705420537,653.2874412920792,654.2798049590783,654.2798049590783,654.2798049590783,654.9714691670379,space,0.6885202089324594,None,654.9718475419795,655.07849008375,655.3823034589877,655.3664041670272,655.369067584048,655.3823034589877,655.3823034589877,655.3823034589877,656.9569351250539,200,1,[1.5743675410049036],[1.5743716249708086],001,001,2025-11-11_12h06.03.542,Intentional_binding,,2025.1.1,None,2025-11-11 12h06.08.769985 +0530,
0.7,1000,exp,127,7,10,space,0.7782560840714723,None,600,1,[2.322260749991983],[2.322263833018951],10,7,127,8,656.9696054999949,,656.957081458997,656.9696054999949,657.9490443340037,657.9490443340037,657.9672648750711,658.72958195908,space,0.7782560840714723,None,658.7312329170527,659.4356973757424,659.7366714170203,659.7244900839869,659.7265220420668,659.7366714170203,659.7366714170203,659.7366714170203,662.0591748750303,600,1,[2.322260749991983],[2.322263833018951],001,001,2025-11-11_12h06.03.542,Intentional_binding,,2025.1.1,None,2025-11-11 12h06.08.769985 +0530,
0.4,1000,exp,128,8,10,space,0.46202650002669543,None,100,1,[1.7956480419961736],[1.7956516669364646],10,8,128,7,662.062315584044,,662.0593427920248,662.062315584044,663.0590062499978,663.0590062499978,663.0590062499978,663.5237381249899,space,0.46202650002669543,None,663.5254664170789,663.9268067087435,664.2308206669986,664.2141870419728,664.2164079169743,664.2308206669986,664.2308206669986,664.2308206669986,666.0267282089917,100,1,[1.7956480419961736],[1.7956516669364646],001,001,2025-11-11_12h06.03.542,Intentional_binding,,2025.1.1,None,2025-11-11 12h06.08.769985 +0530,
0.1,400,unexp,129,9,10,space,0.7372424590867013,None,200,1,[2.4454163330374286],[2.4454192080302164],10,9,129,0,666.0291895000264,,666.0268692499958,666.0291895000264,667.0258222500561,667.0258222500561,667.0258222500561,667.7688114170451,space,0.7372424590867013,None,667.770318709081,667.86991683365,668.1725390000502,668.1567026670091,668.1589582500746,668.1725390000502,668.1725390000502,668.1725390000502,670.618221458979,200,1,[2.4454163330374286],[2.4454192080302164],001,001,2025-11-11_12h06.03.542,Intentional_binding,,2025.1.1,None,2025-11-11 12h06.08.769985 +0530,
0.4,400,unexp,130,10,10,space,0.9989264999749139,None,300,1,[1.3148057500366122],[1.3148084999993443],10,10,130,1,670.6209588340716,,670.6183879590826,670.6209588340716,671.6172120000701,671.6172120000701,671.6172120000701,672.6191220839974,space,0.9989264999749139,None,672.6205952920718,673.0281172916914,673.3316972500179,673.3185696250293,673.3203368340619,673.3316972500179,673.3316972500179,673.3316972500179,674.6467399999965,300,1,[1.3148057500366122],[1.3148084999993443],001,001,2025-11-11_12h06.03.542,Intentional_binding,,2025.1.1,None,2025-11-11 12h06.08.769985 +0530,
0.1,1000,exp,131,11,10,space,0.5503214169293642,None,100,1,[2.203458416974172],[2.2034620839403942],10,11,131,9,674.6570097920485,,674.6468761250144,674.6570097920485,675.6394674590556,675.6394674590556,675.652716584038,676.2026265420718,space,0.5503214169293642,None,676.2043260000646,676.3089689587398,676.6105337920599,676.596162959002,676.598336333991,676.6105337920599,676.6105337920599,676.6105337920599,678.8145308339735,100,1,[2.203458416974172],[2.2034620839403942],001,001,2025-11-11_12h06.03.542,Intentional_binding,,2025.1.1,None,2025-11-11 12h06.08.769985 +0530,
0.4,1000,exp,132,0,11,space,0.08186579204630107,None,100,1,[1.9673725418979302],[1.967375582898967],11,0,132,7,678.8244792920304,,678.8147643340053,678.8244792920304,679.807797125075,679.807797125075,679.8127818340436,679.9009981250856,space,0.08186579204630107,None,679.9014190420276,680.3014477086874,680.6043453339953,680.5880259589758,680.5901423339965,680.6043453339953,680.6043453339953,680.6043453339953,682.5719695839798,100,1,[1.9673725418979302],[1.967375582898967],001,001,2025-11-11_12h06.03.542,Intentional_binding,,2025.1.1,None,2025-11-11 12h06.08.769985 +0530,
0.1,1000,exp,133,1,11,space,0.4443385840859264,None,100,1,[1.4625895000062883],[1.4625920839607716],11,1,133,9,682.581200042041,,682.5721417920431,682.581200042041,683.570149834035,683.570149834035,683.5756754589966,684.0284860840766,space,0.4443385840859264,None,684.0291284170235,684.1290031256542,684.4309026669944,684.4170282500563,684.4190938749816,684.4309026669944,684.4309026669944,684.4309026669944,685.8937107090605,100,1,[1.4625895000062883],[1.4625920839607716],001,001,2025-11-11_12h06.03.542,Intentional_binding,,2025.1.1,None,2025-11-11 12h06.08.769985 +0530,
0.7,1000,exp,134,2,11,space,0.09239649993833154,None,300,1,[2.2220372499432415],[2.2220409580040723],11,2,134,11,685.8959534170572,,685.8938416250749,685.8959534170572,686.8801632920513,686.8801632920513,686.8962306249887,686.9864844169933,space,0.09239649993833154,None,686.9880833750358,687.6859420006551,687.9860717920819,687.9751229169779,687.9769330840791,687.9860717920819,687.9860717920819,687.9860717920819,690.2083668750711,300,1,[2.2220372499432415],[2.2220409580040723],001,001,2025-11-11_12h06.03.542,Intentional_binding,,2025.1.1,None,2025-11-11 12h06.08.769985 +0530,
0.4,1000,exp,135,3,11,space,1.3072107090847567,None,200,1,[3.1544990410329774],[3.154502750025131],11,3,135,10,690.2128462500405,,690.2085462090326,690.2128462500405,691.1951921250438,691.1951921250438,691.2110712090507,692.5062667090679,space,1.3072107090847567,None,692.507878625067,692.906607541667,693.2218026249902,693.2061436250806,693.2083532500546,693.2218026249902,693.2218026249902,693.2218026249902,696.376557459007,200,1,[3.1544990410329774],[3.154502750025131],001,001,2025-11-11_12h06.03.542,Intentional_binding,,2025.1.1,None,2025-11-11 12h06.08.769985 +0530,
0.1,400,unexp,136,4,11,space,1.188869124976918,None,300,1,[1.450152292032726],[1.4501555840251967],11,4,136,0,696.3796405839967,,696.3767891670577,696.3796405839967,697.3754085000837,697.3754085000837,697.3754085000837,698.5698989999946,space,1.188869124976918,None,698.571698209038,698.6704832916769,698.9801382090664,698.965575459064,698.9681145420764,698.9801382090664,698.9801382090664,698.9801382090664,700.4305381670129,300,1,[1.450152292032726],[1.4501555840251967],001,001,2025-11-11_12h06.03.542,Intentional_binding,,2025.1.1,None,2025-11-11 12h06.08.769985 +0530,
0.7,1000,exp,137,5,11,space,0.8789956260006875,None,700,1,[2.173097041901201],[2.173099874984473],11,5,137,8,700.439483958995,,700.4307057500118,700.439483958995,701.4213942090282,701.4213942090282,701.4410751670366,702.3025850000558,space,0.8789956260006875,None,702.3040880840272,703.0115630416587,703.3196122919908,703.3056787500391,703.3078447500011,703.3196122919908,703.3196122919908,703.3196122919908,705.4929535000119,700,1,[2.173097041901201],[2.173099874984473],001,001,2025-11-11_12h06.03.542,Intentional_binding,,2025.1.1,None,2025-11-11 12h06.08.769985 +0530,
0.7,1000,exp,138,6,11,space,0.34608087595552206,None,800,1,[5.832829124992713],[5.832832916988991],11,6,138,5,705.4958868750837,,705.4931455419865,705.4958868750837,706.4839580000844,706.4839580000844,706.4875121250516,706.8335009589791,space,0.34608087595552206,None,706.8352354590315,707.5338750007252,707.8340914170258,707.8211368750781,707.8229472090025,707.8340914170258,707.8340914170258,707.8340914170258,713.6671928340802,800,1,[5.832829124992713],[5.832832916988991],001,001,2025-11-11_12h06.03.542,Intentional_binding,,2025.1.1,None,2025-11-11 12h06.08.769985 +0530,
0.4,1000,exp,139,7,11,space,0.473228459013626,None,200,1,[2.8193478749599308],[2.8193507499527186],11,7,139,4,713.6711040840019,,713.6673726249719,713.6711040840019,714.6616480000084,714.6616480000084,714.6616480000084,715.1410159589723,space,0.473228459013626,None,715.142629042035,715.5529318337251,715.8629005000694,715.8472192090703,715.8494335419964,715.8629005000694,715.8629005000694,715.8629005000694,718.6825063340366,200,1,[2.8193478749599308],[2.8193507499527186],001,001,2025-11-11_12h06.03.542,Intentional_binding,,2025.1.1,None,2025-11-11 12h06.08.769985 +0530,
0.7,400,unexp,140,8,11,space,0.6404675010126084,None,300,1,[3.2437164169969037],[3.2437199170235544],11,8,140,2,718.6890224589733,,718.6827100840164,718.6890224589733,719.6832939999877,719.6832939999877,719.6832939999877,720.3294188750442,space,0.6404675010126084,None,720.3309837090783,721.0294053337459,721.3277540840209,721.3171081250766,721.3188931250479,721.3277540840209,721.3277540840209,721.3277540840209,724.5717117500026,300,1,[3.2437164169969037],[3.2437199170235544],001,001,2025-11-11_12h06.03.542,Intentional_binding,,2025.1.1,None,2025-11-11 12h06.08.769985 +0530,
0.1,1000,exp,141,9,11,space,0.3117238760460168,None,400,1,[1.5118970409967005],[1.5119006249587983],11,9,141,6,724.581311875023,,724.5719075420639,724.581311875023,725.5741870420752,725.5741870420752,725.5741870420752,725.8963546670275,space,0.3117238760460168,None,725.8979616250144,725.9961626256738,726.2974937090185,726.2833880840335,726.2852831250057,726.2974937090185,726.2974937090185,726.2974937090185,727.8096545840381,400,1,[1.5118970409967005],[1.5119006249587983],001,001,2025-11-11_12h06.03.542,Intentional_binding,,2025.1.1,None,2025-11-11 12h06.08.769985 +0530,
0.1,1000,exp,142,10,11,space,1.0451724999584258,None,300,1,[5.8888987499522045],[5.8889018329791725],11,10,142,3,727.8124780419748,,727.8099103750428,727.8124780419748,728.8102194590028,728.8102194590028,728.8102194590028,729.8691210839897,space,1.0451724999584258,None,729.8707292090403,729.9711564166394,730.2692316250177,730.25870450004,730.2605351250386,730.2692316250177,730.2692316250177,730.2692316250177,736.1583809590666,300,1,[5.8888987499522045],[5.8889018329791725],001,001,2025-11-11_12h06.03.542,Intentional_binding,,2025.1.1,None,2025-11-11 12h06.08.769985 +0530,
0.4,400,unexp,143,11,11,space,0.9241324589820579,None,400,1,[5.200525625026785],[5.200529125053436],11,11,143,1,736.1630430000369,,736.1585757500725,736.1630430000369,737.1510934170801,737.1510934170801,737.1558776670136,738.086977042025,space,0.9241324589820579,None,738.0886180839734,738.4861166256635,738.7884699590504,738.7753008750733,738.7769381670514,738.7884699590504,738.7884699590504,738.7884699590504,743.9895642499905,400,1,[5.200525625026785],[5.200529125053436],001,001,2025-11-11_12h06.03.542,Intentional_binding,,2025.1.1,None,2025-11-11 12h06.08.769985 +0530,
0.7,1000,exp,144,0,12,space,1.4368384589906782,None,300,1,[1.11042058293242],[1.1104245419846848],12,0,144,11,744.0003300840035,,743.9897720420267,744.0003300840035,744.9892482090509,744.9892482090509,744.9892482090509,746.4313128750073,space,1.4368384589906782,None,746.4328854170162,747.1310450006897,747.4451488750055,747.4314000000013,747.4335540840402,747.4451488750055,747.4451488750055,747.4451488750055,748.5561716670636,300,1,[1.11042058293242],[1.1104245419846848],001,001,2025-11-11_12h06.03.542,Intentional_binding,,2025.1.1,None,2025-11-11 12h06.08.769985 +0530,
0.7,1000,exp,145,1,12,space,0.36062549997586757,None,400,1,[1.648083791951649],[1.6480869168881327],12,1,145,5,748.5671347919852,,748.5564228340518,748.5671347919852,749.5463067500386,749.5463067500386,749.5642415840412,749.9203084170585,space,0.36062549997586757,None,749.9207015000284,750.6206552916594,750.9256735420786,750.9110187920742,750.9126299590571,750.9256735420786,750.9256735420786,750.9256735420786,752.5740029170411,400,1,[1.648083791951649],[1.6480869168881327],001,001,2025-11-11_12h06.03.542,Intentional_binding,,2025.1.1,None,2025-11-11 12h06.08.769985 +0530,
0.4,400,unexp,146,2,12,space,1.4685548329725862,None,300,1,[0.886098290910013],[0.8861011659028009],12,2,146,1,752.5787888340419,,752.5742093750741,752.5787888340419,753.5772729590535,753.5772729590535,753.5772729590535,755.0517949589994,space,1.4685548329725862,None,755.0533391670324,755.4607630416906,755.7638850420481,755.7496948339976,755.7513752090745,755.7638850420481,755.7638850420481,755.7638850420481,756.6502361670136,300,1,[0.886098290910013],[0.8861011659028009],001,001,2025-11-11_12h06.03.542,Intentional_binding,,2025.1.1,None,2025-11-11 12h06.08.769985 +0530,
0.7,1000,exp,147,3,12,space,0.43234087503515184,None,400,1,[1.9358574580401182],[1.9358602500287816],12,3,147,8,756.6542758750729,,756.6504209170816,756.6542758750729,757.6413582920795,757.6413582920795,757.6461951250676,758.0865809590323,space,0.43234087503515184,None,758.088532792055,758.7877862087373,759.0969451250276,759.0810790840769,759.0836899590213,759.0969451250276,759.0969451250276,759.0969451250276,761.0330675840378,400,1,[1.9358574580401182],[1.9358602500287816],001,001,2025-11-11_12h06.03.542,Intentional_binding,,2025.1.1,None,2025-11-11 12h06.08.769985 +0530,
0.1,400,unexp,148,4,12,space,0.7965935009997338,None,200,1,[1.4783210839377716],[1.478324083960615],12,4,148,0,761.0369964590063,,761.0332641249988,761.0369964590063,762.0320564999711,762.0320564999711,762.0320564999711,762.837256167084,space,0.7965935009997338,None,762.8388942090096,762.9452168336759,763.2513926250394,763.2360437919851,763.2379390000133,763.2513926250394,763.2513926250394,763.2513926250394,764.7299703339813,200,1,[1.4783210839377716],[1.478324083960615],001,001,2025-11-11_12h06.03.542,Intentional_binding,,2025.1.1,None,2025-11-11 12h06.08.769985 +0530,
0.7,400,unexp,149,5,12,space,0.49280975095462054,None,500,1,[0.8204628750681877],[0.820465917000547],12,5,149,2,764.7396774169756,,764.7301449170336,764.7396774169756,765.725699917064,765.725699917064,765.730712583987,766.2299039589707,space,0.49280975095462054,None,766.2314933750313,766.9341345007454,767.2379366250243,767.2213983340189,767.223653958994,767.2379366250243,767.2379366250243,767.2379366250243,768.0586519590579,500,1,[0.8204628750681877],[0.820465917000547],001,001,2025-11-11_12h06.03.542,Intentional_binding,,2025.1.1,None,2025-11-11 12h06.08.769985 +0530,
0.1,1000,exp,150,6,12,space,0.3149086249759421,None,300,1,[1.2969313750509173],[1.2969343330478296],12,6,150,3,768.0627271670382,,768.0588281670352,768.0627271670382,769.050538541982,769.050538541982,769.0546836670255,769.3707982919877,space,0.3149086249759421,None,769.3724214170361,769.4773443337219,769.7872448340058,769.772040000069,769.7746989170555,769.7872448340058,769.7872448340058,769.7872448340058,771.0844364590012,300,1,[1.2969313750509173],[1.2969343330478296],001,001,2025-11-11_12h06.03.542,Intentional_binding,,2025.1.1,None,2025-11-11 12h06.08.769985 +0530,
0.4,1000,exp,151,7,12,space,0.46364433295093477,None,700,1,[4.1694868330378085],[4.169489791034721],12,7,151,4,771.0871637089876,,771.0846096250461,771.0871637089876,772.0847526249709,772.0847526249709,772.0847526249709,772.5550572919892,space,0.46364433295093477,None,772.5565445420798,772.9611491667495,773.2638040420134,773.2500844590832,773.251825042069,773.2638040420134,773.2638040420134,773.2638040420134,777.4335585840745,700,1,[4.1694868330378085],[4.169489791034721],001,001,2025-11-11_12h06.03.542,Intentional_binding,,2025.1.1,None,2025-11-11 12h06.08.769985 +0530,
0.4,1000,exp,152,8,12,space,0.3846362920012325,None,400,1,[1.3605300829512998],[1.360532750026323],12,8,152,7,777.4376580420649,,777.4337225420168,777.4376580420649,778.4226250000065,778.4226250000065,778.435195249971,778.8104333339725,space,0.3846362920012325,None,778.8120631669881,779.2168206256504,779.5306915000547,779.5143104169983,779.5170066669816,779.5306915000547,779.5306915000547,779.5306915000547,780.8914719170425,400,1,[1.3605300829512998],[1.360532750026323],001,001,2025-11-11_12h06.03.542,Intentional_binding,,2025.1.1,None,2025-11-11 12h06.08.769985 +0530,
0.1,1000,exp,153,9,12,space,0.5488730419892818,None,300,1,[1.305476083070971],[1.3054790410678834],12,9,153,6,780.8966192919761,,780.8916382089956,780.8966192919761,781.8835975000402,781.8835975000402,781.8879801670555,782.4356958749704,space,0.5488730419892818,None,782.4368501249701,782.5372453337225,782.8439295419957,782.8288384589832,782.830909625045,782.8439295419957,782.8439295419957,782.8439295419957,784.1496530420845,300,1,[1.305476083070971],[1.3054790410678834],001,001,2025-11-11_12h06.03.542,Intentional_binding,,2025.1.1,None,2025-11-11 12h06.08.769985 +0530,
0.1,1000,exp,154,10,12,space,0.2978763749124482,None,300,1,[1.63411049998831],[1.6341136250412092],12,10,154,9,784.1539636250818,,784.1498340000398,784.1539636250818,785.1391816249816,785.1391816249816,785.151492333971,785.4405690419953,space,0.2978763749124482,None,785.4421883340692,785.5415484166626,785.8565055420622,785.8411889590789,785.843817917048,785.8565055420622,785.8565055420622,785.8565055420622,787.4908725420246,300,1,[1.63411049998831],[1.6341136250412092],001,001,2025-11-11_12h06.03.542,Intentional_binding,,2025.1.1,None,2025-11-11 12h06.08.769985 +0530,
0.4,1000,exp,155,11,12,space,0.3012849579099566,None,300,1,[1.8054929591016844],[1.805496042012237],12,11,155,10,787.5011781670619,,787.4910304170335,787.5011781670619,788.4826669170288,788.4826669170288,788.500130083994,788.7864420000697,space,0.3012849579099566,None,788.7881475420436,789.192236416686,789.5072439169744,789.490867500077,789.4936455000425,789.5072439169744,789.5072439169744,789.5072439169744,791.3129885420203,300,1,[1.8054929591016844],[1.805496042012237],001,001,2025-11-11_12h06.03.542,Intentional_binding,,2025.1.1,None,2025-11-11 12h06.08.769985 +0530,
0.7,400,unexp,156,0,13,space,0.3490720840636641,None,500,1,[4.831187665928155],[4.831191374920309],13,0,156,2,791.322938999976,,791.3131440000143,791.322938999976,792.3047612090595,792.3047612090595,792.3244925839826,792.6557645420544,space,0.3490720840636641,None,792.6571247089887,793.3686104587434,793.6764984170441,793.6633267920697,793.6652706670575,793.6764984170441,793.6764984170441,793.6764984170441,798.507950374973,500,1,[4.831187665928155],[4.831191374920309],001,001,2025-11-11_12h06.03.542,Intentional_binding,,2025.1.1,None,2025-11-11 12h06.08.769985 +0530,
0.1,1000,exp,157,1,13,space,0.83117466699332,None,100,1,[2.1720328330993652],[2.172036416013725],13,1,157,6,798.5122315000044,,798.5081810420379,798.5122315000044,799.507505375077,799.507505375077,799.507505375077,800.3409212500555,space,0.83117466699332,None,800.3425366670126,800.4421260416896,800.7434395420132,800.7295910000103,800.7319227090338,800.7434395420132,800.7434395420132,800.7434395420132,802.9157177919988,100,1,[2.1720328330993652],[2.172036416013725],001,001,2025-11-11_12h06.03.542,Intentional_binding,,2025.1.1,None,2025-11-11 12h06.08.769985 +0530,
0.7,1000,exp,158,2,13,space,0.48770620895083994,None,400,1,[1.6624379580607638],[1.6624406250193715],13,2,158,5,802.9204625419807,,802.9158867499791,802.9204625419807,803.9168596670497,803.9168596670497,803.9168596670497,804.4100476669846,space,0.48770620895083994,None,804.4113325420767,805.1182031257233,805.4204002090264,805.407348375069,805.4093738340307,805.4204002090264,805.4204002090264,805.4204002090264,807.0830664170207,400,1,[1.6624379580607638],[1.6624406250193715],001,001,2025-11-11_12h06.03.542,Intentional_binding,,2025.1.1,None,2025-11-11 12h06.08.769985 +0530,
0.4,400,unexp,159,3,13,space,0.4703654999611899,None,200,1,[1.6897830830421299],[1.6897861250909045],13,3,159,1,807.0928065840853,,807.0832030000165,807.0928065840853,808.0831536250189,808.0831536250189,808.0831536250189,808.5603471670765,space,0.4703654999611899,None,808.5616427500499,808.9684540416968,809.2772085840115,809.2630910840817,809.2651055420283,809.2772085840115,809.2772085840115,809.2772085840115,810.9672387919854,200,1,[1.6897830830421299],[1.6897861250909045],001,001,2025-11-11_12h06.03.542,Intentional_binding,,2025.1.1,None,2025-11-11 12h06.08.769985 +0530,
0.7,1000,exp,160,4,13,space,0.37925587594509125,None,600,1,[1.1444711250951514],[1.1444745420012623],13,4,160,11,810.9710242500296,,810.9674118340481,810.9710242500296,811.9541256669909,811.9541256669909,811.9675522920443,812.3363118340494,space,0.37925587594509125,None,812.3378306250088,813.0446240837375,813.3488883749815,813.3324869170319,813.3352252090117,813.3488883749815,813.3488883749815,813.3488883749815,814.4936038340675,600,1,[1.1444711250951514],[1.1444745420012623],001,001,2025-11-11_12h06.03.542,Intentional_binding,,2025.1.1,None,2025-11-11 12h06.08.769985 +0530,
0.4,1000,exp,161,5,13,space,0.6347353339660913,None,300,1,[2.0914688329212368],[2.0914717499399558],13,5,161,10,814.496968041989,,814.4937432500301,814.496968041989,815.4835654590279,815.4835654590279,815.4881001670146,816.1218480840325,space,0.6347353339660913,None,816.1236125420546,816.5262132506507,816.8387014999753,816.8246426670812,816.8271255419822,816.8387014999753,816.8387014999753,816.8387014999753,818.9304255000316,300,1,[2.0914688329212368],[2.0914717499399558],001,001,2025-11-11_12h06.03.542,Intentional_binding,,2025.1.1,None,2025-11-11 12h06.08.769985 +0530,
0.1,1000,exp,162,6,13,space,0.4759182509733364,None,200,1,[2.152229042025283],[2.1522318329662085],13,6,162,3,818.9395403340459,,818.9306245840853,818.9395403340459,819.9212954170071,819.9212954170071,819.9401626250474,820.4009519590763,space,0.4759182509733364,None,820.4025216250448,820.5029672916901,820.8069872499909,820.794009958976,820.7956279590726,820.8069872499909,820.8069872499909,820.8069872499909,822.9594655419933,200,1,[2.152229042025283],[2.1522318329662085],001,001,2025-11-11_12h06.03.542,Intentional_binding,,2025.1.1,None,2025-11-11 12h06.08.769985 +0530,
0.1,400,unexp,163,7,13,space,0.35464683396276087,None,100,1,[3.662735874997452],[3.6627388750202954],13,7,163,0,822.9625027090078,,822.9596578340279,822.9625027090078,823.9584978750208,823.9584978750208,823.9584978750208,824.3215333339758,space,0.35464683396276087,None,824.3231696670409,824.4271841257034,824.7382825840032,824.7237066250527,824.7262301250594,824.7382825840032,824.7382825840032,824.7382825840032,828.401292250026,100,1,[3.662735874997452],[3.6627388750202954],001,001,2025-11-11_12h06.03.542,Intentional_binding,,2025.1.1,None,2025-11-11 12h06.08.769985 +0530,
0.4,1000,exp,164,8,13,space,0.6758811670588329,None,400,1,[1.9444954170612618],[1.944498167023994],13,8,164,4,828.4040885840077,,828.4016572500113,828.4040885840077,829.3980641670059,829.3980641670059,829.3980641670059,830.079018666991,space,0.6758811670588329,None,830.0806485420326,830.4786389166877,830.7803451670334,830.7656326249707,830.7678574590245,830.7803451670334,830.7803451670334,830.7803451670334,832.7250964170089,400,1,[1.9444954170612618],[1.944498167023994],001,001,2025-11-11_12h06.03.542,Intentional_binding,,2025.1.1,None,2025-11-11 12h06.08.769985 +0530,
0.1,1000,exp,165,9,13,space,0.13323020795360208,None,100,1,[8.689248332986608],[8.68925166700501],13,9,165,9,832.7292555420427,,832.7252919999883,832.7292555420427,833.7227255000034,833.7227255000034,833.7227255000034,833.8605275000446,space,0.13323020795360208,None,833.860935500008,833.9710856256463,834.2757807089947,834.2618225420592,834.2634926669998,834.2757807089947,834.2757807089947,834.2757807089947,842.9652614590013,100,1,[8.689248332986608],[8.68925166700501],001,001,2025-11-11_12h06.03.542,Intentional_binding,,2025.1.1,None,2025-11-11 12h06.08.769985 +0530,
0.7,1000,exp,166,10,13,space,0.4688562079099938,None,500,1,[1.6529431670205668],[1.6529465829953551],13,10,166,8,842.9716943750391,,842.9654240839882,842.9716943750391,843.9547802089946,843.9547802089946,843.9672796250088,844.4303509170422,space,0.4688562079099938,None,844.4322880840627,845.134635458646,845.4398663750617,845.4238547090208,845.4265432499815,845.4398663750617,845.4398663750617,845.4398663750617,847.0930662499741,500,1,[1.6529431670205668],[1.6529465829953551],001,001,2025-11-11_12h06.03.542,Intentional_binding,,2025.1.1,None,2025-11-11 12h06.08.769985 +0530,
0.4,1000,exp,167,11,13,space,0.400923041976057,None,400,1,[2.1051949999528006],[2.1051981669152156],13,11,167,7,847.0959407499759,,847.0932728750631,847.0959407499759,848.0876163750654,848.0876163750654,848.0876163750654,848.4912699590204,space,0.400923041976057,None,848.4927377500571,848.8921074587308,849.1987490840256,849.182578667067,849.1847490420332,849.1987490840256,849.1987490840256,849.1987490840256,851.3041816250188,400,1,[2.1051949999528006],[2.1051981669152156],001,001,2025-11-11_12h06.03.542,Intentional_binding,,2025.1.1,None,2025-11-11 12h06.08.769985 +0530,
0.4,400,unexp,168,0,14,space,0.6477416669949889,None,300,1,[5.227311125025153],[5.227314791060053],14,0,168,1,851.3128603340592,,851.3043254170334,851.3128603340592,852.2966369170463,852.2966369170463,852.3094673340674,852.9465018750634,space,0.6477416669949889,None,852.9484611670487,853.3498879586734,853.6642219590722,853.6485776250483,853.650949709001,853.6642219590722,853.6642219590722,853.6642219590722,858.8917864169925,300,1,[5.227311125025153],[5.227314791060053],001,001,2025-11-11_12h06.03.542,Intentional_binding,,2025.1.1,None,2025-11-11 12h06.08.769985 +0530,
0.7,1000,exp,169,1,14,space,1.2823198339901865,None,400,1,[2.059116082964465],[2.05911966599524],14,1,169,11,858.8961003749864,,858.891955500003,858.8961003749864,859.8838956250111,859.8838956250111,859.8884561250452,861.1689547920832,space,1.2823198339901865,None,861.1704820420127,861.8707812916875,862.1820880000014,862.1660270420834,862.1684713750146,862.1820880000014,862.1820880000014,862.1820880000014,864.2414521250175,400,1,[2.059116082964465],[2.05911966599524],001,001,2025-11-11_12h06.03.542,Intentional_binding,,2025.1.1,None,2025-11-11 12h06.08.769985 +0530,
0.1,1000,exp,170,2,14,space,1.3295092089101672,None,300,1,[1.7363777499413118],[1.7363805000204593],14,2,170,3,864.2465932500781,,864.2416263340274,864.2465932500781,865.2375770000508,865.2375770000508,865.239948875038,866.5768715420272,space,1.3295092089101672,None,866.5785109170247,866.6854102087129,866.9969103339827,866.98164154205,866.9836690840311,866.9969103339827,866.9969103339827,866.9969103339827,868.7335387089988,300,1,[1.7363777499413118],[1.7363805000204593],001,001,2025-11-11_12h06.03.542,Intentional_binding,,2025.1.1,None,2025-11-11 12h06.08.769985 +0530,
0.7,1000,exp,171,3,14,space,1.4508932089665905,None,500,1,[0.9944150829687715],[0.9944176659919322],14,3,171,5,868.737464417005,,868.733718084055,868.737464417005,869.7250357919838,869.7250357919838,869.7292433750117,871.1820744170109,space,1.4508932089665905,None,871.1825728340773,871.8874704166703,872.1963601669995,872.1804796250071,872.1827081670053,872.1963601669995,872.1963601669995,872.1963601669995,873.1910258340649,500,1,[0.9944150829687715],[0.9944176659919322],001,001,2025-11-11_12h06.03.542,Intentional_binding,,2025.1.1,None,2025-11-11 12h06.08.769985 +0530,
0.7,1000,exp,172,4,14,space,0.37992099998518825,None,400,1,[1.1339234159095213],[1.1339261250104755],14,4,172,8,873.1953598340042,,873.1911652500276,873.1953598340042,874.17895529198,874.17895529198,874.1949702920392,874.5635507500265,space,0.37992099998518825,None,874.5650854590349,875.26421037567,875.578197625,875.5636085000588,875.5658716249745,875.578197625,875.578197625,875.578197625,876.712357792072,400,1,[1.1339234159095213],[1.1339261250104755],001,001,2025-11-11_12h06.03.542,Intentional_binding,,2025.1.1,None,2025-11-11 12h06.08.769985 +0530,
0.1,1000,exp,173,5,14,space,0.7054621250135824,None,100,1,[1.7976284170290455],[1.7976312499959022],14,5,173,9,876.7217240839964,,876.7124947090633,876.7217240839964,877.7064884590218,877.7064884590218,877.7193045000313,878.4167907090159,space,0.7054621250135824,None,878.4184086250607,878.528842416654,878.8348388340091,878.8214515839936,878.8233742499724,878.8348388340091,878.8348388340091,878.8348388340091,880.632711042068,100,1,[1.7976284170290455],[1.7976312499959022],001,001,2025-11-11_12h06.03.542,Intentional_binding,,2025.1.1,None,2025-11-11 12h06.08.769985 +0530,
0.4,1000,exp,174,6,14,space,0.5122861670097336,None,700,1,[1.5914322909666225],[1.5914355829590932],14,6,174,4,880.637326208991,,880.6328745000064,880.637326208991,881.6309035840677,881.6309035840677,881.6309035840677,882.152704417007,space,0.5122861670097336,None,882.1543497500243,882.554475375746,882.8552932090824,882.841675166972,882.8433274170384,882.8552932090824,882.8552932090824,882.8552932090824,884.4469828340225,700,1,[1.5914322909666225],[1.5914355829590932],001,001,2025-11-11_12h06.03.542,Intentional_binding,,2025.1.1,None,2025-11-11 12h06.08.769985 +0530,
0.7,400,unexp,175,7,14,space,0.6279629999771714,None,800,1,[6.5704639999894425],[6.570467374986038],14,7,175,2,884.4561808750732,,884.4471717500128,884.4561808750732,885.4376780840103,885.4376780840103,885.4542800419731,886.069042542018,space,0.6279629999771714,None,886.0706154999789,886.7762464166774,887.0862215419766,887.0717334999936,887.073765625013,887.0862215419766,887.0862215419766,887.0862215419766,893.656920333975,800,1,[6.5704639999894425],[6.570467374986038],001,001,2025-11-11_12h06.03.542,Intentional_binding,,2025.1.1,None,2025-11-11 12h06.08.769985 +0530,
0.4,1000,exp,176,8,14,space,1.3989521668991074,None,800,1,[1.2283883329946548],[1.228391208103858],14,8,176,10,893.6692921670619,,893.6570691249799,893.6692921670619,894.6494189170189,894.6494189170189,894.666631167056,896.0544000840746,space,1.3989521668991074,None,896.0563287920086,896.4618538757243,896.7648272920633,896.749321875046,896.7521326669957,896.7648272920633,896.7648272920633,896.7648272920633,897.9934627090115,800,1,[1.2283883329946548],[1.228391208103858],001,001,2025-11-11_12h06.03.542,Intentional_binding,,2025.1.1,None,2025-11-11 12h06.08.769985 +0530,
0.1,400,unexp,177,9,14,space,0.4675623750081286,None,300,1,[1.2916706249816343],[1.2916737919440493],14,9,177,0,897.9966931249946,,897.9936007499928,897.9966931249946,898.9888364999788,898.9888364999788,898.9888364999788,899.4693955840776,space,0.4675623750081286,None,899.4711624169722,899.5770358757038,899.8887000420364,899.8727853340097,899.8754786669742,899.8887000420364,899.8887000420364,899.8887000420364,901.1806322920602,300,1,[1.2916706249816343],[1.2916737919440493],001,001,2025-11-11_12h06.03.542,Intentional_binding,,2025.1.1,None,2025-11-11 12h06.08.769985 +0530,
0.4,1000,exp,178,10,14,space,0.2920218330109492,None,200,1,[2.381718083983287],[2.381721416953951],14,10,178,7,901.1896787920268,,901.1807977500139,901.1896787920268,902.1741964169778,902.1741964169778,902.1789852089714,902.4694900420727,space,0.2920218330109492,None,902.4711020420073,902.8703546256913,903.1674583749846,903.1581497499719,903.1588978749933,903.1674583749846,903.1674583749846,903.1674583749846,905.5494403340854,200,1,[2.381718083983287],[2.381721416953951],001,001,2025-11-11_12h06.03.542,Intentional_binding,,2025.1.1,None,2025-11-11 12h06.08.769985 +0530,
0.1,1000,exp,179,11,14,space,0.7132231669966131,None,600,1,[2.793817624915391],[2.7938207499682903],14,11,179,6,905.5535872090841,,905.549646959058,905.5535872090841,906.5478059169836,906.5478059169836,906.5478059169836,907.2717461250722,space,0.7132231669966131,None,907.2731971669709,907.3768585837136,907.6790960839717,907.6658324999735,907.6679075000575,907.6790960839717,907.6790960839717,907.6790960839717,910.4731735420646,600,1,[2.793817624915391],[2.7938207499682903],001,001,2025-11-11_12h06.03.542,Intentional_binding,,2025.1.1,None,2025-11-11 12h06.08.769985 +0530,
0.1,1000,exp,180,0,15,space,0.8158079590648413,None,500,1,[1.6837085830047727],[1.6837117080576718],15,0,180,9,910.4840347500285,,910.4733496670378,910.4840347500285,911.4741224590689,911.4741224590689,911.4741224590689,912.3027170840651,space,0.8158079590648413,None,912.3043381250463,912.409686625648,912.7132315420313,912.6978067089804,912.700188125018,912.7132315420313,912.7132315420313,912.7132315420313,914.397193458979,500,1,[1.6837085830047727],[1.6837117080576718],001,001,2025-11-11_12h06.03.542,Intentional_binding,,2025.1.1,None,2025-11-11 12h06.08.769985 +0530,
0.4,400,unexp,181,1,15,space,2.2343032920034602,None,700,1,[1.308919084025547],[1.3089222500566393],15,1,181,1,914.4070403340738,,914.3973809590098,914.4070403340738,915.391538209049,915.391538209049,915.3957958340179,917.6292122500017,space,2.2343032920034602,None,917.6311322500696,918.0287148756363,918.3318243750837,918.3181947920239,918.3205510419793,918.3318243750837,918.3318243750837,918.3318243750837,919.6409955000272,700,1,[1.308919084025547],[1.3089222500566393],001,001,2025-11-11_12h06.03.542,Intentional_binding,,2025.1.1,None,2025-11-11 12h06.08.769985 +0530,
0.1,400,unexp,182,2,15,space,0.41894704196602106,None,400,1,[2.146550292032771],[2.1465535000897944],15,2,182,0,919.6454369170824,,919.6411763749784,919.6454369170824,920.6297578340163,920.6297578340163,920.6428716670489,921.0639737090096,space,0.41894704196602106,None,921.0657353340648,921.1755763337171,921.4880268750712,921.472766958992,921.4750959170051,921.4880268750712,921.4880268750712,921.4880268750712,923.6348249589792,400,1,[2.146550292032771],[2.1465535000897944],001,001,2025-11-11_12h06.03.542,Intentional_binding,,2025.1.1,None,2025-11-11 12h06.08.769985 +0530,
0.1,1000,exp,183,3,15,space,0.307378959027119,None,300,1,[4.002871667034924],[4.002875291975215],15,3,183,6,923.6371602499858,,923.6349755420815,923.6371602499858,924.6231930840295,924.6231930840295,924.629005709081,924.9323993750149,space,0.307378959027119,None,924.9334517500829,925.0370818756676,925.3446559170261,925.3309633750468,925.3330104589695,925.3446559170261,925.3446559170261,925.3446559170261,929.3477755839704,300,1,[4.002871667034924],[4.002875291975215],001,001,2025-11-11_12h06.03.542,Intentional_binding,,2025.1.1,None,2025-11-11 12h06.08.769985 +0530,
0.7,400,unexp,184,4,15,space,0.33799425000324845,None,500,1,[1.6206243330379948],[1.6206272080307826],15,4,184,2,929.3589372920105,,929.3479589170311,929.3589372920105,930.3385263340315,930.3385263340315,930.3573864169884,930.6809352500131,space,0.33799425000324845,None,930.6825019170064,931.3851268756591,931.6884792089695,931.6752280839719,931.6770305840764,931.6884792089695,931.6884792089695,931.6884792089695,933.3093595840037,500,1,[1.6206243330379948],[1.6206272080307826],001,001,2025-11-11_12h06.03.542,Intentional_binding,,2025.1.1,None,2025-11-11 12h06.08.769985 +0530,
0.7,1000,exp,185,5,15,space,1.2369932089932263,None,500,1,[2.9427347079617903],[2.942737750010565],15,5,185,5,933.3121783339884,,933.309584208997,933.3121783339884,934.3064011670649,934.3064011670649,934.3064011670649,935.5479220839916,space,1.2369932089932263,None,935.54844516702,936.259110416697,936.5638376669958,936.5499726670096,936.5517872499768,936.5638376669958,936.5638376669958,936.5638376669958,939.5068374170223,500,1,[2.9427347079617903],[2.942737750010565],001,001,2025-11-11_12h06.03.542,Intentional_binding,,2025.1.1,None,2025-11-11 12h06.08.769985 +0530,
0.4,1000,exp,186,6,15,space,1.2259995420463383,None,550,1,[6.225450500031002],[6.2254542500013486],15,6,186,10,939.513281792053,,939.5070667089894,939.513281792053,940.5032068340806,940.5032068340806,940.5093580840621,941.7373211670201,space,1.2259995420463383,None,941.739389250055,942.1375277917289,942.4479667920386,942.4321904589888,942.4345811250387,942.4479667920386,942.4479667920386,942.4479667920386,948.6736973340157,550,1,[6.225450500031002],[6.2254542500013486],001,001,2025-11-11_12h06.03.542,Intentional_binding,,2025.1.1,None,2025-11-11 12h06.08.769985 +0530,
0.7,1000,exp,187,7,15,space,0.6112357500242069,None,600,1,[1.8603474999545142],[1.8603505420032889],15,7,187,8,948.6841942090541,,948.6738770420197,948.6841942090541,949.6627412920352,949.6627412920352,949.6805227090372,950.285122500034,space,0.6112357500242069,None,950.2868316250388,950.9865790416409,951.2884710420622,951.2744037919911,951.2765266670613,951.2884710420622,951.2884710420622,951.2884710420622,953.1490687089972,600,1,[1.8603474999545142],[1.8603505420032889],001,001,2025-11-11_12h06.03.542,Intentional_binding,,2025.1.1,None,2025-11-11 12h06.08.769985 +0530,
0.7,1000,exp,188,8,15,space,0.9019730009604245,None,700,1,[1.4625053339404985],[1.4625079589895904],15,8,188,11,953.1591115000192,,953.149236959056,953.1591115000192,954.1489683340769,954.1489683340769,954.1489683340769,955.0611343340715,space,0.9019730009604245,None,955.0624701670604,955.7647120836812,956.0778646670515,956.0628817090765,956.064937334042,956.0778646670515,956.0778646670515,956.0778646670515,957.5406141249696,700,1,[1.4625053339404985],[1.4625079589895904],001,001,2025-11-11_12h06.03.542,Intentional_binding,,2025.1.1,None,2025-11-11 12h06.08.769985 +0530,
0.1,1000,exp,189,9,15,space,2.288855833001435,None,500,1,[2.1845212089829147],[2.184524375014007],15,9,189,3,957.5452160000568,,957.5407851249911,957.5452160000568,958.5328927090159,958.5328927090159,958.5328927090159,960.8270667500328,space,2.288855833001435,None,960.8284756250214,960.9333733337155,961.2483296249993,961.2331990000093,961.2354790000245,961.2483296249993,961.2483296249993,961.2483296249993,963.4331100840354,500,1,[2.1845212089829147],[2.184524375014007],001,001,2025-11-11_12h06.03.542,Intentional_binding,,2025.1.1,None,2025-11-11 12h06.08.769985 +0530,
0.4,1000,exp,190,10,15,space,0.6472096260404214,None,500,1,[7.015757584013045],[7.015760708949529],15,10,190,4,963.4372074169805,,963.4332952500554,963.4372074169805,964.4254214999964,964.4254214999964,964.4293375840643,965.0771475840593,space,0.6472096260404214,None,965.0785553340102,965.4850287086485,965.7894920420367,965.7741212920519,965.7761500420747,965.7894920420367,965.7894920420367,965.7894920420367,972.8055168749997,500,1,[7.015757584013045],[7.015760708949529],001,001,2025-11-11_12h06.03.542,Intentional_binding,,2025.1.1,None,2025-11-11 12h06.08.769985 +0530,
0.4,1000,exp,191,11,15,space,0.6546534170629457,None,300,1,[1.3121578329009935],[1.312160666915588],15,11,191,7,972.8153409169754,,972.8057182499906,972.8153409169754,973.795750334044,973.795750334044,973.8132184169954,974.4624400000321,space,0.6546534170629457,None,974.4640098750824,974.8691548336685,975.1804792090552,975.1646040420746,975.1673798750853,975.1804792090552,975.1804792090552,975.1804792090552,976.492880292004,300,1,[1.3121578329009935],[1.312160666915588],001,001,2025-11-11_12h06.03.542,Intentional_binding,,2025.1.1,None,2025-11-11 12h06.08.769985 +0530,
0.1,400,unexp,192,0,16,space,0.4082103749969974,None,200,1,[1.4783097920008004],[1.4783128330018371],16,0,192,0,976.4951831670478,,976.4930179170333,976.4951831670478,977.4834788750159,977.4834788750159,977.4875674169743,977.8958717919886,space,0.4082103749969974,None,977.8977452500258,978.0010377086621,978.304134584032,978.2910613750573,978.2932185840327,978.304134584032,978.304134584032,978.304134584032,979.7826917920029,200,1,[1.4783097920008004],[1.4783128330018371],001,001,2025-11-11_12h06.03.542,Intentional_binding,,2025.1.1,None,2025-11-11 12h06.08.769985 +0530,
0.1,1000,exp,193,1,16,space,0.5321861669654027,None,100,1,[0.9747021670918912],[0.974705292028375],16,1,193,3,979.7870497499825,,979.782897541998,979.7870497499825,980.7707911250181,980.7707911250181,980.7823688749922,981.3053970000474,space,0.5321861669654027,None,981.3068315420533,981.4097861257071,981.7142982920632,981.6995522499783,981.7020445839735,981.7142982920632,981.7142982920632,981.7142982920632,982.6892588339979,100,1,[0.9747021670918912],[0.974705292028375],001,001,2025-11-11_12h06.03.542,Intentional_binding,,2025.1.1,None,2025-11-11 12h06.08.769985 +0530,
0.1,1000,exp,194,2,16,space,0.32897108397446573,None,100,1,[1.205611624987796],[1.2056143750669435],16,2,194,9,982.7001313340152,,982.6894363340689,982.7001313340152,983.6911867500748,983.6911867500748,983.6911867500748,984.0267003750196,space,0.32897108397446573,None,984.0280145839788,984.1264032916554,984.4268007919891,984.4167970840354,984.4186271249782,984.4268007919891,984.4268007919891,984.4268007919891,985.6326555000851,100,1,[1.205611624987796],[1.2056143750669435],001,001,2025-11-11_12h06.03.542,Intentional_binding,,2025.1.1,None,2025-11-11 12h06.08.769985 +0530,
0.4,1000,exp,195,3,16,space,1.441606834065169,None,300,1,[5.040843083057553],[5.040845833020285],16,3,195,10,985.63703833404,,985.6328127919696,985.63703833404,986.620543917059,986.620543917059,986.6327661670512,988.0656848340295,space,1.441606834065169,None,988.0672676670365,988.4653365417073,988.7678160420619,988.7539774170145,988.7561042089947,988.7678160420619,988.7678160420619,988.7678160420619,993.8088967090007,300,1,[5.040843083057553],[5.040845833020285],001,001,2025-11-11_12h06.03.542,Intentional_binding,,2025.1.1,None,2025-11-11 12h06.08.769985 +0530,
0.7,1000,exp,196,4,16,space,0.45488891704007983,None,500,1,[3.0387532089371234],[3.0387564999982715],16,4,196,5,993.8123462090734,,993.80903975002,993.8123462090734,994.7999674170278,994.7999674170278,994.8040723750601,995.2583220839733,space,0.45488891704007983,None,995.2599045420066,995.9673850837319,996.2692090000492,996.2555279170629,996.2577959999908,996.2692090000492,996.2692090000492,996.2692090000492,999.3082001670264,500,1,[3.0387532089371234],[3.0387564999982715],001,001,2025-11-11_12h06.03.542,Intentional_binding,,2025.1.1,None,2025-11-11 12h06.08.769985 +0530,
0.1,1000,exp,197,5,16,space,0.8267591670155525,None,200,1,[1.5870527499355376],[1.5870557079324499],16,5,197,6,999.3119419170544,,999.3083554999903,999.3119419170544,1000.3040099589853,1000.3040099589853,1000.3040099589853,1001.1436072500655,space,0.8267591670155525,None,1001.1452773340279,1001.2510272917027,1001.5555458340095,1001.5405821669847,1001.5433207090246,1001.5555458340095,1001.5555458340095,1001.5555458340095,1003.1428414169932,200,1,[1.5870527499355376],[1.5870557079324499],001,001,2025-11-11_12h06.03.542,Intentional_binding,,2025.1.1,None,2025-11-11 12h06.08.769985 +0530,
0.7,1000,exp,198,6,16,space,0.34519683406688273,None,200,1,[1.6993257079739124],[1.6993290829705074],16,6,198,8,1003.1456152090104,,1003.1430497920373,1003.1456152090104,1004.1334820420016,1004.1334820420016,1004.1382263749838,1004.482389791985,space,0.34519683406688273,None,1004.4843160420423,1005.1944237506871,1005.4974811250577,1005.4827620420838,1005.4845147500746,1005.4974811250577,1005.4974811250577,1005.4974811250577,1007.1970632500015,200,1,[1.6993257079739124],[1.6993290829705074],001,001,2025-11-11_12h06.03.542,Intentional_binding,,2025.1.1,None,2025-11-11 12h06.08.769985 +0530,
0.7,1000,exp,199,7,16,space,0.2925792499445379,None,600,1,[5.200456665945239],[5.200460374937393],16,7,199,11,1007.2069493340096,,1007.1972414590418,1007.2069493340096,1008.1919136249926,1008.1919136249926,1008.1960559170693,1008.4952015000163,space,0.2925792499445379,None,1008.4968039999949,1009.2009101666665,1009.5058544590138,1009.4957658749772,1009.497610667022,1009.5058544590138,1009.5058544590138,1009.5058544590138,1014.7065510420362,600,1,[5.200456665945239],[5.200460374937393],001,001,2025-11-11_12h06.03.542,Intentional_binding,,2025.1.1,None,2025-11-11 12h06.08.769985 +0530,
0.4,1000,exp,200,8,16,space,1.6324816670967266,None,700,1,[2.316867999965325],[2.3168710839236155],16,8,200,7,1014.7169645000249,,1014.7067220420577,1014.7169645000249,1015.7028201250359,1015.7028201250359,1015.7087315840181,1017.3415365840774,space,1.6324816670967266,None,1017.3430804590462,1017.7529201666514,1018.0571119589731,1018.0415353750577,1018.0442792089889,1018.0571119589731,1018.0571119589731,1018.0571119589731,1020.3742474589963,700,1,[2.316867999965325],[2.3168710839236155],001,001,2025-11-11_12h06.03.542,Intentional_binding,,2025.1.1,None,2025-11-11 12h06.08.769985 +0530,
0.4,400,unexp,201,9,16,space,1.0455328340176493,None,400,1,[4.795426958007738],[4.795430458034389],16,9,201,1,1020.3803472920554,,1020.3744323339779,1020.3803472920554,1021.3867133749882,1021.3867133749882,1021.3867133749882,1022.4397045840742,space,1.0455328340176493,None,1022.4418205419788,1022.8451215007265,1023.1594942089869,1023.1458342090482,1023.148544167052,1023.1594942089869,1023.1594942089869,1023.1594942089869,1027.9551681249868,400,1,[4.795426958007738],[4.795430458034389],001,001,2025-11-11_12h06.03.542,Intentional_binding,,2025.1.1,None,2025-11-11 12h06.08.769985 +0530,
0.7,400,unexp,202,10,16,space,0.4524319589836523,None,500,1,[1.9598607920343056],[1.959864042000845],16,10,202,2,1027.9659012090415,,1027.9553533340804,1027.9659012090415,1028.9460207499797,1028.9460207499797,1028.962457042071,1029.4035385419847,space,0.4524319589836523,None,1029.4049640420126,1030.1031681666539,1030.4059520420851,1030.391172084026,1030.393501374987,1030.4059520420851,1030.4059520420851,1030.4059520420851,1032.3660671670223,500,1,[1.9598607920343056],[1.959864042000845],001,001,2025-11-11_12h06.03.542,Intentional_binding,,2025.1.1,None,2025-11-11 12h06.08.769985 +0530,
0.4,1000,exp,203,11,16,space,0.28498429199680686,None,300,1,[4.051060082972981],[4.051063540973701],16,11,203,4,1032.3701935000718,,1032.3662517920602,1032.3701935000718,1033.3540337500162,1033.3540337500162,1033.3661102920305,1033.6436480000848,space,0.28498429199680686,None,1033.6452437089756,1034.0474606257087,1034.353416417027,1034.3399543750565,1034.341993750073,1034.353416417027,1034.353416417027,1034.353416417027,1038.4047298340593,300,1,[4.051060082972981],[4.051063540973701],001,001,2025-11-11_12h06.03.542,Intentional_binding,,2025.1.1,None,2025-11-11 12h06.08.769985 +0530,
0.4,1000,exp,204,0,17,space,0.8320985010359436,None,400,1,[2.716258291970007],[2.716261832974851],17,0,204,7,1038.414365167031,,1038.404907417018,1038.414365167031,1039.400848041987,1039.400848041987,1039.4056593750138,1040.238157334039,space,0.8320985010359436,None,1040.2397505840054,1040.6374144587355,1040.9415097499732,1040.9271557920147,1040.9288872500183,1040.9415097499732,1040.9415097499732,1040.9415097499732,1043.6580098340055,400,1,[2.716258291970007],[2.716261832974851],001,001,2025-11-11_12h06.03.542,Intentional_binding,,2025.1.1,None,2025-11-11 12h06.08.769985 +0530,
0.1,400,unexp,205,1,17,space,0.9110543340211734,None,500,1,[4.400817249901593],[4.400820665992796],17,1,205,0,1043.664057875052,,1043.65817370906,1043.664057875052,1044.6502127500717,1044.6502127500717,1044.6537354170578,1045.5628338750685,space,0.9110543340211734,None,1045.5632440419868,1045.6702444586592,1045.974529542029,1045.963152042008,1045.9651645839913,1045.974529542029,1045.974529542029,1045.974529542029,1050.375569374999,500,1,[4.400817249901593],[4.400820665992796],001,001,2025-11-11_12h06.03.542,Intentional_binding,,2025.1.1,None,2025-11-11 12h06.08.769985 +0530,
0.1,1000,exp,206,2,17,space,0.6867387510137632,None,600,1,[1.1653036660281941],[1.1653072909684852],17,2,206,3,1050.379063792061,,1050.3757585419808,1050.379063792061,1051.3677978750784,1051.3677978750784,1051.3727904170519,1052.0620971670141,space,0.6867387510137632,None,1052.063673375058,1052.1680012506588,1052.4726601670263,1052.457207791973,1052.4596114170272,1052.4726601670263,1052.4726601670263,1052.4726601670263,1053.6382096250309,600,1,[1.1653036660281941],[1.1653072909684852],001,001,2025-11-11_12h06.03.542,Intentional_binding,,2025.1.1,None,2025-11-11 12h06.08.769985 +0530,
0.7,1000,exp,207,3,17,space,0.5452506670262665,None,900,1,[0.8163268329808488],[0.8163296249695122],17,3,207,11,1053.6478291250532,,1053.638431624975,1053.6478291250532,1054.6295355419861,1054.6295355419861,1054.6457704170607,1055.185509833973,space,0.5452506670262665,None,1055.1871376669733,1055.8938760007188,1056.20796633407,1056.1929158340208,1056.2003835419891,1056.20796633407,1056.20796633407,1056.20796633407,1057.0245300000533,900,1,[0.8163268329808488],[0.8163296249695122],001,001,2025-11-11_12h06.03.542,Intentional_binding,,2025.1.1,None,2025-11-11 12h06.08.769985 +0530,
0.7,400,unexp,208,4,17,space,0.49178449995815754,None,300,1,[1.196021250099875],[1.1960241250926629],17,4,208,2,1057.0285342090065,,1057.0246733750682,1057.0285342090065,1058.0218918339815,1058.0218918339815,1058.0218918339815,1058.5221455000574,space,0.49178449995815754,None,1058.52376262506,1059.2279898756572,1059.527692417032,1059.5165607089875,1059.5189293340081,1059.527692417032,1059.527692417032,1059.527692417032,1060.7239654170116,300,1,[1.196021250099875],[1.1960241250926629],001,001,2025-11-11_12h06.03.542,Intentional_binding,,2025.1.1,None,2025-11-11 12h06.08.769985 +0530,
0.4,1000,exp,209,5,17,space,0.382827042019926,None,200,1,[0.8899877920048311],[0.889990417053923],17,5,209,4,1060.734401750029,,1060.7241595420055,1060.734401750029,1061.7254423750564,1061.7254423750564,1061.7254423750564,1062.1114066250157,space,0.382827042019926,None,1062.1128898750758,1062.5135403756906,1062.8171447920613,1062.8025807500817,1062.8041429590667,1062.8171447920613,1062.8171447920613,1062.8171447920613,1063.7073662920156,200,1,[0.8899877920048311],[0.889990417053923],001,001,2025-11-11_12h06.03.542,Intentional_binding,,2025.1.1,None,2025-11-11 12h06.08.769985 +0530,
0.1,1000,exp,210,6,17,space,0.7684469999512658,None,200,1,[0.9268094999715686],[0.9268125419039279],17,6,210,6,1063.719213125063,,1063.707508834079,1063.719213125063,1064.695700500044,1064.695700500044,1064.71393270907,1065.4792705000145,space,0.7684469999512658,None,1065.4807939589955,1065.5848693337214,1065.887034000014,1065.872002542019,1065.8744354590308,1065.887034000014,1065.887034000014,1065.887034000014,1066.8140987500083,200,1,[0.9268094999715686],[0.9268125419039279],001,001,2025-11-11_12h06.03.542,Intentional_binding,,2025.1.1,None,2025-11-11 12h06.08.769985 +0530,
0.7,1000,exp,211,7,17,space,0.6043139169923961,None,100,1,[1.227714707958512],[1.227717541041784],17,7,211,5,1066.8253354590852,,1066.81426808401,1066.8253354590852,1067.80575383408,1067.80575383408,1067.8227827090304,1068.4213558749761,space,0.6043139169923961,None,1068.4232665840536,1069.123530333691,1069.4378474170808,1069.4226122919936,1069.4248349589761,1069.4378474170808,1069.4378474170808,1069.4378474170808,1070.6658081250498,100,1,[1.227714707958512],[1.227717541041784],001,001,2025-11-11_12h06.03.542,Intentional_binding,,2025.1.1,None,2025-11-11 12h06.08.769985 +0530,
0.7,1000,exp,212,8,17,space,0.2567785420687869,None,400,1,[0.9968101249542087],[0.9968137079849839],17,8,212,8,1070.6760346250376,,1070.6659782089991,1070.6760346250376,1071.666238875012,1071.666238875012,1071.666238875012,1071.9271970000118,space,0.2567785420687869,None,1071.9288500840776,1072.6284065007387,1072.9294735000003,1072.9163293750025,1072.9184615419945,1072.9294735000003,1072.9294735000003,1072.9294735000003,1073.9265317920363,400,1,[0.9968101249542087],[0.9968137079849839],001,001,2025-11-11_12h06.03.542,Intentional_binding,,2025.1.1,None,2025-11-11 12h06.08.769985 +0530,
0.4,1000,exp,213,9,17,space,0.5997820419725031,None,500,1,[1.3935302500613034],[1.3935330410022289],17,9,213,10,1073.9288252920378,,1073.9266809590627,1073.9288252920378,1074.9251578750554,1074.9251578750554,1074.9251578750554,1075.5291503340704,space,0.5997820419725031,None,1075.5298459170153,1075.9340805836875,1076.2471434590407,1076.2308413339779,1076.2331669999985,1076.2471434590407,1076.2471434590407,1076.2471434590407,1077.6409276250051,500,1,[1.3935302500613034],[1.3935330410022289],001,001,2025-11-11_12h06.03.542,Intentional_binding,,2025.1.1,None,2025-11-11 12h06.08.769985 +0530,
0.4,400,unexp,214,10,17,space,0.6235395841067657,None,800,1,[2.87386658298783],[2.873869749950245],17,10,214,1,1077.6509152500657,,1077.6410674590152,1077.6509152500657,1078.6332923340378,1078.6332923340378,1078.6374839589698,1079.2705317920772,space,0.6235395841067657,None,1079.2720764999976,1079.670834458728,1079.974804959027,1079.960763417068,1079.9623822920257,1079.974804959027,1079.974804959027,1079.974804959027,1082.8489235420711,800,1,[2.87386658298783],[2.873869749950245],001,001,2025-11-11_12h06.03.542,Intentional_binding,,2025.1.1,None,2025-11-11 12h06.08.769985 +0530,
0.1,1000,exp,215,11,17,space,0.58075316704344,None,400,1,[1.3899177910061553],[1.3899213750846684],17,11,215,9,1082.8589572920464,,1082.8490889170207,1082.8589572920464,1083.8499702500412,1083.8499702500412,1083.8499702500412,1084.4349142500432,space,0.58075316704344,None,1084.4362005840521,1084.5370506666989,1084.8422185840318,1084.8285787920468,1084.8306066669757,1084.8422185840318,1084.8422185840318,1084.8422185840318,1086.232385084033,400,1,[1.3899177910061553],[1.3899213750846684],001,001,2025-11-11_12h06.03.542,Intentional_binding,,2025.1.1,None,2025-11-11 12h06.08.769985 +0530,
0.4,400,unexp,216,0,18,space,0.4837792500620708,None,200,1,[1.2413663329789415],[1.2413693749113008],18,0,216,1,1086.23665716697,,1086.2325658750487,1086.23665716697,1087.2328444590094,1087.2328444590094,1087.2328444590094,1087.719772750046,space,0.4837792500620708,None,1087.7214453750057,1088.123765541652,1088.424419417046,1088.410832209047,1088.4127168750856,1088.424419417046,1088.424419417046,1088.424419417046,1089.6660482500447,200,1,[1.2413663329789415],[1.2413693749113008],001,001,2025-11-11_12h06.03.542,Intentional_binding,,2025.1.1,None,2025-11-11 12h06.08.769985 +0530,
0.4,1000,exp,217,1,18,space,0.45654595899395645,None,100,1,[4.5611900420626625],[4.561193000059575],18,1,217,10,1089.6702055840287,,1089.6662700839806,1089.6702055840287,1090.6580037920503,1090.6580037920503,1090.6580037920503,1091.121580792009,space,0.45654595899395645,None,1091.1231745000696,1091.528474000694,1091.8295390839921,1091.8166783340275,1091.8183632500004,1091.8295390839921,1091.8295390839921,1091.8295390839921,1096.3909527920187,100,1,[4.5611900420626625],[4.561193000059575],001,001,2025-11-11_12h06.03.542,Intentional_binding,,2025.1.1,None,2025-11-11 12h06.08.769985 +0530,
0.7,400,unexp,218,2,18,space,0.07933170802425593,None,400,1,[2.5095732919871807],[2.5095762090058997],18,2,218,2,1096.3973615419818,,1096.3911151250359,1096.3973615419818,1097.379048584029,1097.379048584029,1097.3972850000719,1097.4712979170727,space,0.07933170802425593,None,1097.4730253750458,1098.1708157916476,1098.4741862920346,1098.4598397089867,1098.4615936670452,1098.4741862920346,1098.4741862920346,1098.4741862920346,1100.984018750023,400,1,[2.5095732919871807],[2.5095762090058997],001,001,2025-11-11_12h06.03.542,Intentional_binding,,2025.1.1,None,2025-11-11 12h06.08.769985 +0530,
0.7,1000,exp,219,3,18,space,0.4511785419890657,None,600,1,[2.9204700420377776],[2.9204733340302482],18,3,219,5,1100.9871293340111,,1100.9841871670214,1100.9871293340111,1101.9750600419939,1101.9750600419939,1101.9792457500007,1102.436593917082,space,0.4511785419890657,None,1102.4375136670424,1103.1465562916749,1103.4512848340673,1103.4407836670289,1103.4430092920084,1103.4512848340673,1103.4512848340673,1103.4512848340673,1106.3720060420455,600,1,[2.9204700420377776],[2.9204733340302482],001,001,2025-11-11_12h06.03.542,Intentional_binding,,2025.1.1,None,2025-11-11 12h06.08.769985 +0530,
0.7,1000,exp,220,4,18,space,1.1479631669353694,None,900,1,[4.323827832937241],[4.323831707937643],18,4,220,11,1106.3822786250385,,1106.3721821249928,1106.3822786250385,1107.3631188750733,1107.3631188750733,1107.3820016250247,1108.5170689170482,space,1.1479631669353694,None,1108.5186261250637,1109.2261650417388,1109.526751458994,1109.5143172499957,1109.5162702089874,1109.526751458994,1109.526751458994,1109.526751458994,1113.8508444590261,900,1,[4.323827832937241],[4.323831707937643],001,001,2025-11-11_12h06.03.542,Intentional_binding,,2025.1.1,None,2025-11-11 12h06.08.769985 +0530,
0.7,1000,exp,221,5,18,space,0.37935708404984325,None,600,1,[1.710804917034693],[1.7108084169449285],18,5,221,8,1113.8535365840653,,1113.851046500029,1113.8535365840653,1114.8503549169982,1114.8503549169982,1114.8503549169982,1115.2426906670444,space,0.37935708404984325,None,1115.244298000005,1115.9529445006667,1116.2557717500022,1116.2399222920649,1116.2421399590094,1116.2557717500022,1116.2557717500022,1116.2557717500022,1117.966825917014,600,1,[1.710804917034693],[1.7108084169449285],001,001,2025-11-11_12h06.03.542,Intentional_binding,,2025.1.1,None,2025-11-11 12h06.08.769985 +0530,
0.1,1000,exp,222,6,18,space,0.9739197499584407,None,300,1,[2.464979875017889],[2.4649831249844283],18,6,222,9,1117.9708440420218,,1117.9670007090317,1117.9708440420218,1118.9549541249871,1118.9549541249871,1118.9682303749723,1119.9381994170835,space,0.9739197499584407,None,1119.939830583986,1120.0449413756762,1120.351070667035,1120.3362930840813,1120.3384906670544,1120.351070667035,1120.351070667035,1120.351070667035,1122.8163106250577,300,1,[2.464979875017889],[2.4649831249844283],001,001,2025-11-11_12h06.03.542,Intentional_binding,,2025.1.1,None,2025-11-11 12h06.08.769985 +0530,
0.1,400,unexp,223,7,18,space,0.45839087502099574,None,400,1,[1.2645797920413315],[1.264582584029995],18,7,223,0,1122.8202960420167,,1122.816503042006,1122.8202960420167,1123.8143895000685,1123.8143895000685,1123.8143895000685,1124.2767343340674,space,0.45839087502099574,None,1124.2781107920455,1124.3789676667113,1124.6846708339872,1124.6708730420796,1124.672831458971,1124.6846708339872,1124.6846708339872,1124.6846708339872,1125.9494997500442,400,1,[1.2645797920413315],[1.264582584029995],001,001,2025-11-11_12h06.03.542,Intentional_binding,,2025.1.1,None,2025-11-11 12h06.08.769985 +0530,
0.4,1000,exp,224,8,18,space,0.4530180840520188,None,200,1,[1.1535182090010494],[1.1535217500058934],18,8,224,7,1125.9536915420322,,1125.9497012919746,1125.9536915420322,1126.9456285000779,1126.9456285000779,1126.9456285000779,1127.404071875033,space,0.4530180840520188,None,1127.4061402920634,1127.8053224586804,1128.113742500078,1128.098218584084,1128.1008232500171,1128.113742500078,1128.113742500078,1128.113742500078,1129.2675054169958,200,1,[1.1535182090010494],[1.1535217500058934],001,001,2025-11-11_12h06.03.542,Intentional_binding,,2025.1.1,None,2025-11-11 12h06.08.769985 +0530,
0.4,1000,exp,225,9,18,space,0.8641126669244841,None,100,1,[1.1017460000002757],[1.1017487079370767],18,9,225,4,1129.2707194590475,,1129.2676770840771,1129.2707194590475,1130.264755750075,1130.264755750075,1130.264755750075,1131.1435390419792,space,0.8641126669244841,None,1131.14492320898,1131.5449392507473,1131.8468094590353,1131.833015167038,1131.8346476670122,1131.8468094590353,1131.8468094590353,1131.8468094590353,1132.9488065419719,100,1,[1.1017460000002757],[1.1017487079370767],001,001,2025-11-11_12h06.03.542,Intentional_binding,,2025.1.1,None,2025-11-11 12h06.08.769985 +0530,
0.1,1000,exp,226,10,18,space,0.358090708963573,None,300,1,[2.706387124955654],[2.706389999948442],18,10,226,3,1132.955013042083,,1132.9489849590464,1132.955013042083,1133.9453532500193,1133.9453532500193,1133.9508788749808,1134.3061787920306,space,0.358090708963573,None,1134.3077998750377,1134.409914250664,1134.714856042061,1134.699077959056,1134.7017936670454,1134.714856042061,1134.714856042061,1134.714856042061,1137.4214806670789,300,1,[2.706387124955654],[2.706389999948442],001,001,2025-11-11_12h06.03.542,Intentional_binding,,2025.1.1,None,2025-11-11 12h06.08.769985 +0530,
0.1,1000,exp,227,11,18,space,0.38766424998175353,None,500,1,[1.743264792021364],[1.7432676670141518],18,11,227,6,1137.431528792018,,1137.421632459038,1137.431528792018,1138.4137009170372,1138.4137009170372,1138.4319613750558,1138.8103808750166,space,0.38766424998175353,None,1138.8118468340253,1138.9116983756578,1139.2220316670137,1139.206621750025,1139.209130250034,1139.2220316670137,1139.2220316670137,1139.2220316670137,1140.9655164170545,500,1,[1.743264792021364],[1.7432676670141518],001,001,2025-11-11_12h06.03.542,Intentional_binding,,2025.1.1,None,2025-11-11 12h06.08.769985 +0530,
0.1,400,unexp,228,0,19,space,0.9114351250464097,None,600,1,[2.30252179200761],[2.3025247919140384],19,0,228,0,1140.9757609170629,,1140.9656459169928,1140.9757609170629,1141.9638148340164,1141.9638148340164,1141.9638148340164,1142.8809751250083,space,0.9114351250464097,None,1142.8825083340053,1142.985844791696,1143.298275167006,1143.282478542067,1143.2850266670575,1143.298275167006,1143.298275167006,1143.298275167006,1145.6010669170646,600,1,[2.30252179200761],[2.3025247919140384],001,001,2025-11-11_12h06.03.542,Intentional_binding,,2025.1.1,None,2025-11-11 12h06.08.769985 +0530,
0.4,1000,exp,229,1,19,space,0.4412093749269843,None,600,1,[0.9516766669694334],[0.9516792090144008],19,1,229,10,1145.6038270840654,,1145.601229834021,1145.6038270840654,1146.590938917012,1146.590938917012,1146.5957336670253,1147.0351301250048,space,0.4412093749269843,None,1147.0366522920085,1147.4449275417176,1147.7467949590646,1147.7322359170066,1147.734771916992,1147.7467949590646,1147.7467949590646,1147.7467949590646,1148.6987086670706,600,1,[0.9516766669694334],[0.9516792090144008],001,001,2025-11-11_12h06.03.542,Intentional_binding,,2025.1.1,None,2025-11-11 12h06.08.769985 +0530,
0.4,1000,exp,230,2,19,space,0.4353429999900982,None,700,1,[2.1778406660305336],[2.1778436249587685],19,2,230,7,1148.7108203750104,,1148.6988584999926,1148.7108203750104,1149.6968988340814,1149.6968988340814,1149.7103310839739,1150.1340963750845,space,0.4353429999900982,None,1150.1360558340093,1150.543284875752,1150.845642499975,1150.8309718749952,1150.8331275840756,1150.845642499975,1150.845642499975,1150.845642499975,1153.0237266250188,700,1,[2.1778406660305336],[2.1778436249587685],001,001,2025-11-11_12h06.03.542,Intentional_binding,,2025.1.1,None,2025-11-11 12h06.08.769985 +0530,
0.7,1000,exp,231,3,19,space,0.5586874999571592,None,400,1,[0.8499043328920379],[0.8499074999708682],19,3,231,11,1153.028644834063,,1153.0239009590587,1153.028644834063,1154.0162679590285,1154.0162679590285,1154.0206195000792,1154.587742417003,space,0.5586874999571592,None,1154.5895250840113,1155.2899715837013,1155.5929177920334,1155.5780993340304,1155.5797199590597,1155.5929177920334,1155.5929177920334,1155.5929177920334,1156.4430647920817,400,1,[0.8499043328920379],[0.8499074999708682],001,001,2025-11-11_12h06.03.542,Intentional_binding,,2025.1.1,None,2025-11-11 12h06.08.769985 +0530,
0.1,1000,exp,232,4,19,space,0.7057273340178654,None,600,1,[1.2281295000575483],[1.2281322079943493],19,4,232,9,1156.4463312920416,,1156.443203791976,1156.4463312920416,1157.4391579170479,1157.4391579170479,1157.4391579170479,1158.146166959079,space,0.7057273340178654,None,1158.1465325000463,1158.2461075416688,1158.551573459059,1158.5375806250377,1158.5397066250443,1158.551573459059,1158.551573459059,1158.551573459059,1159.7799469589954,600,1,[1.2281295000575483],[1.2281322079943493],001,001,2025-11-11_12h06.03.542,Intentional_binding,,2025.1.1,None,2025-11-11 12h06.08.769985 +0530,
0.7,1000,exp,233,5,19,space,0.7411943339975551,None,700,1,[0.9175861249677837],[0.9175889580510557],19,5,233,8,1159.790915917023,,1159.7801213749917,1159.790915917023,1160.7735475000227,1160.7735475000227,1160.7788612090517,1161.528121749987,space,0.7411943339975551,None,1161.5297036250122,1162.2283643757148,1162.5285361669958,1162.5168931250228,1162.5187020840822,1162.5285361669958,1162.5285361669958,1162.5285361669958,1163.4463661670452,700,1,[0.9175861249677837],[0.9175889580510557],001,001,2025-11-11_12h06.03.542,Intentional_binding,,2025.1.1,None,2025-11-11 12h06.08.769985 +0530,
0.1,1000,exp,234,6,19,space,0.6383089170558378,None,300,1,[1.9707280840957537],[1.9707311250967905],19,6,234,3,1163.456365167047,,1163.4465544590494,1163.456365167047,1164.442376250052,1164.442376250052,1164.447502791998,1165.0874580420787,space,0.6383089170558378,None,1165.0890209170757,1165.1953365837146,1165.501107375021,1165.4862849999918,1165.4877885000315,1165.501107375021,1165.501107375021,1165.501107375021,1167.4720820840448,300,1,[1.9707280840957537],[1.9707311250967905],001,001,2025-11-11_12h06.03.542,Intentional_binding,,2025.1.1,None,2025-11-11 12h06.08.769985 +0530,
0.4,400,unexp,235,7,19,space,0.590090167010203,None,400,1,[1.3580882500391454],[1.3580912080360577],19,7,235,1,1167.4820273750229,,1167.4722687919857,1167.4820273750229,1168.4624850840773,1168.4624850840773,1168.4791309590219,1169.0587498340756,space,0.590090167010203,None,1169.060422834009,1169.468943208751,1169.783035458997,1169.768838374992,1169.770894000074,1169.783035458997,1169.783035458997,1169.783035458997,1171.1413679170655,400,1,[1.3580882500391454],[1.3580912080360577],001,001,2025-11-11_12h06.03.542,Intentional_binding,,2025.1.1,None,2025-11-11 12h06.08.769985 +0530,
0.7,1000,exp,236,8,19,space,0.3195787500590086,None,500,1,[0.8503261670703068],[0.8503291670931503],19,8,236,5,1171.1456762920134,,1171.1415406670421,1171.1456762920134,1172.137980791973,1172.137980791973,1172.137980791973,1172.4709409170318,space,0.3195787500590086,None,1172.4725844999775,1173.170327916687,1173.4733149589738,1173.4587887090165,1173.4610104169697,1173.4733149589738,1173.4733149589738,1173.4733149589738,1174.3238812499912,500,1,[0.8503261670703068],[0.8503291670931503],001,001,2025-11-11_12h06.03.542,Intentional_binding,,2025.1.1,None,2025-11-11 12h06.08.769985 +0530,
0.7,400,unexp,237,9,19,space,0.3898000419139862,None,200,1,[0.8532037920085713],[0.8532067500054836],19,9,237,2,1174.328475333983,,1174.324102875078,1174.328475333983,1175.3126376670552,1175.3126376670552,1175.325941291987,1175.7099855000852,space,0.3898000419139862,None,1175.7113911670167,1176.4167256256953,1176.7184814590728,1176.7085871250601,1176.7104784999974,1176.7184814590728,1176.7184814590728,1176.7184814590728,1177.5719290840207,200,1,[0.8532037920085713],[0.8532067500054836],001,001,2025-11-11_12h06.03.542,Intentional_binding,,2025.1.1,None,2025-11-11 12h06.08.769985 +0530,
0.4,1000,exp,238,10,19,space,0.4746030829846859,None,300,1,[0.8688099590362981],[0.8688128340290859],19,10,238,4,1177.5816422919743,,1177.5721259170678,1177.5816422919743,1178.5693317920668,1178.5693317920668,1178.5750593750272,1179.047579791979,space,0.4746030829846859,None,1179.0491001670016,1179.4472512916584,1179.7471690420061,1179.7341063340427,1179.735940542072,1179.7471690420061,1179.7471690420061,1179.7471690420061,1180.6162201670231,300,1,[0.8688099590362981],[0.8688128340290859],001,001,2025-11-11_12h06.03.542,Intentional_binding,,2025.1.1,None,2025-11-11 12h06.08.769985 +0530,
0.1,1000,exp,239,11,19,space,0.6432019170606509,None,400,1,[0.7648317089769989],[0.7648345419438556],19,11,239,6,1180.6202849589754,,1180.6163937919773,1180.6202849589754,1181.6040489589795,1181.6040489589795,1181.6167896670522,1182.2491652920144,space,0.6432019170606509,None,1182.2507845420623,1182.3531417087108,1182.660357417073,1182.646681167069,1182.6487355000572,1182.660357417073,1182.660357417073,1182.660357417073,1183.42543708405,400,1,[0.7648317089769989],[0.7648345419438556],001,001,2025-11-11_12h06.03.542,Intentional_binding,,2025.1.1,None,2025-11-11 12h06.08.769985 +0530,
0.7,400,unexp,240,0,20,space,0.3006957920733839,None,500,1,[2.998124625068158],[2.998127792030573],20,0,240,2,1183.4289159590844,,1183.4256074590376,1183.4289159590844,1184.4234510840615,1184.4234510840615,1184.4234510840615,1184.7304397090338,space,0.3006957920733839,None,1184.7309344590176,1185.4340606256776,1185.7356038340367,1185.7253885840764,1185.7272356670583,1185.7356038340367,1185.7356038340367,1185.7356038340367,1188.7339883750537,500,1,[2.998124625068158],[2.998127792030573],001,001,2025-11-11_12h06.03.542,Intentional_binding,,2025.1.1,None,2025-11-11 12h06.08.769985 +0530,
0.4,1000,exp,241,1,20,space,0.31034225004259497,None,600,1,[2.101699750055559],[2.1017025840701535],20,1,241,10,1188.736941292067,,1188.7341894169804,1188.736941292067,1189.7247482090024,1189.7247482090024,1189.7247482090024,1190.037996542058,space,0.31034225004259497,None,1190.0384346250212,1190.4432260007054,1190.746781834052,1190.732872624998,1190.7349664589856,1190.746781834052,1190.746781834052,1190.746781834052,1192.8487332920777,600,1,[2.101699750055559],[2.1017025840701535],001,001,2025-11-11_12h06.03.542,Intentional_binding,,2025.1.1,None,2025-11-11 12h06.08.769985 +0530,
0.1,1000,exp,242,2,20,space,0.3842255419585854,None,700,1,[1.2332060420885682],[1.2332084170775488],20,2,242,3,1192.8536799590802,,1192.8489320420194,1192.8536799590802,1193.838771583978,1193.838771583978,1193.851547333994,1194.2299392500427,space,0.3842255419585854,None,1194.2315043749986,1194.3369875417013,1194.6477733750362,1194.6323392500635,1194.6345773340436,1194.6477733750362,1194.6477733750362,1194.6477733750362,1195.8812108340207,700,1,[1.2332060420885682],[1.2332084170775488],001,001,2025-11-11_12h06.03.542,Intentional_binding,,2025.1.1,None,2025-11-11 12h06.08.769985 +0530,
0.4,1000,exp,243,3,20,space,0.6433510010829195,None,300,1,[1.359110250021331],[1.3591133750742301],20,3,243,7,1195.8885198340286,,1195.8813485840801,1195.8885198340286,1196.8745652920334,1196.8745652920334,1196.8790772090433,1197.522068459075,space,0.6433510010829195,None,1197.5235113750678,1197.9341425006899,1198.238850750029,1198.2223347920226,1198.2246569170384,1198.238850750029,1198.238850750029,1198.238850750029,1199.5982096670195,300,1,[1.359110250021331],[1.3591133750742301],001,001,2025-11-11_12h06.03.542,Intentional_binding,,2025.1.1,None,2025-11-11 12h06.08.769985 +0530,
0.4,1000,exp,244,4,20,space,0.8411045010434464,None,500,1,[1.0934214160079136],[1.0934244580566883],20,4,244,4,1199.6051435840782,,1199.5983694590395,1199.6051435840782,1200.588692459045,1200.588692459045,1200.6015476250323,1201.431685000076,space,0.8411045010434464,None,1201.4331501250854,1201.833330958678,1202.1359584169695,1202.124781709048,1202.1266817920841,1202.1359584169695,1202.1359584169695,1202.1359584169695,1203.2296282920288,500,1,[1.0934214160079136],[1.0934244580566883],001,001,2025-11-11_12h06.03.542,Intentional_binding,,2025.1.1,None,2025-11-11 12h06.08.769985 +0530,
0.7,1000,exp,245,5,20,space,1.109657834051177,None,700,1,[1.007242500083521],[1.0072452910244465],20,5,245,8,1203.2394585420843,,1203.229787416989,1203.2394585420843,1204.222067792085,1204.222067792085,1204.2341709589818,1205.343791292049,space,1.109657834051177,None,1205.3453321250854,1206.0512997917288,1206.351455333992,1206.3378833340248,1206.3397324590478,1206.351455333992,1206.351455333992,1206.351455333992,1207.35896375007,700,1,[1.007242500083521],[1.0072452910244465],001,001,2025-11-11_12h06.03.542,Intentional_binding,,2025.1.1,None,2025-11-11 12h06.08.769985 +0530,
0.7,1000,exp,246,6,20,space,0.7852815419901162,None,100,1,[1.4118427500361577],[1.4118455830030143],20,6,246,5,1207.3618659590138,,1207.3591289169854,1207.3618659590138,1208.3593377500074,1208.3593377500074,1208.3593377500074,1209.1497977500549,space,0.7852815419901162,None,1209.1512639169814,1209.8612479166516,1210.1681777089834,1210.1545717500849,1210.1564453340834,1210.1681777089834,1210.1681777089834,1210.1681777089834,1211.5802834170172,100,1,[1.4118427500361577],[1.4118455830030143],001,001,2025-11-11_12h06.03.542,Intentional_binding,,2025.1.1,None,2025-11-11 12h06.08.769985 +0530,
0.4,400,unexp,247,7,20,space,1.5319730420596898,None,400,1,[4.073537291958928],[4.073540458921343],20,7,247,1,1211.5903052920476,,1211.5804551250767,1211.5903052920476,1212.5745500840712,1212.5745500840712,1212.579018792021,1214.1204614590388,space,1.5319730420596898,None,1214.122033416992,1214.5277312916626,1214.831289416994,1214.8158165420173,1214.8180307920557,1214.831289416994,1214.831289416994,1214.831289416994,1218.9050834170775,400,1,[4.073537291958928],[4.073540458921343],001,001,2025-11-11_12h06.03.542,Intentional_binding,,2025.1.1,None,2025-11-11 12h06.08.769985 +0530,
0.7,1000,exp,248,8,20,space,0.7829770010430366,None,600,1,[1.11188037507236],[1.1118834170047194],20,8,248,11,1218.9146337499842,,1218.905263334047,1218.9146337499842,1219.8956430840772,1219.8956430840772,1219.91335479205,1220.684470667038,space,0.7829770010430366,None,1220.6855376249878,1221.3874034167422,1221.6968566670548,1221.6818544999696,1221.6843022920657,1221.6968566670548,1221.6968566670548,1221.6968566670548,1222.8089913340518,600,1,[1.11188037507236],[1.1118834170047194],001,001,2025-11-11_12h06.03.542,Intentional_binding,,2025.1.1,None,2025-11-11 12h06.08.769985 +0530,
0.1,400,unexp,249,9,20,space,0.4083680829498917,None,200,1,[1.471564167062752],[1.4715671250596642],20,9,249,0,1222.8119697090006,,1222.8091974590207,1222.8119697090006,1223.7958596670069,1223.7958596670069,1223.809667124995,1224.2076712920098,space,0.4083680829498917,None,1224.2092525840271,1224.3091752087387,1224.6125392090762,1224.5983627500245,1224.6004985420732,1224.6125392090762,1224.6125392090762,1224.6125392090762,1226.0843508749967,200,1,[1.471564167062752],[1.4715671250596642],001,001,2025-11-11_12h06.03.542,Intentional_binding,,2025.1.1,None,2025-11-11 12h06.08.769985 +0530,
0.1,1000,exp,250,10,20,space,0.566819041967392,None,300,1,[8.960096207913011],[8.96009933296591],20,10,250,9,1226.0868575000204,,1226.0844962500269,1226.0868575000204,1227.0723313749768,1227.0723313749768,1227.0852934169816,1227.6504534590058,space,0.566819041967392,None,1227.650851125014,1227.7598799586451,1228.0610564170638,1228.046804917045,1228.0487859169953,1228.0610564170638,1228.0610564170638,1228.0610564170638,1237.0214032920776,300,1,[8.960096207913011],[8.96009933296591],001,001,2025-11-11_12h06.03.542,Intentional_binding,,2025.1.1,None,2025-11-11 12h06.08.769985 +0530,
0.1,1000,exp,251,11,20,space,1.8666017090436071,None,600,1,[4.923302666982636],[4.92330691695679],20,11,251,6,1237.0309631250566,,1237.0215815419797,1237.0309631250566,1238.017246042029,1238.017246042029,1238.0220674590673,1239.886916583986,space,1.8666017090436071,None,1239.8887021250557,1239.9936581256954,1240.2978818750707,1240.2827217919985,1240.2844084170647,1240.2978818750707,1240.2978818750707,1240.2978818750707,1245.2214495840017,600,1,[4.923302666982636],[4.92330691695679],001,001,2025-11-11_12h06.03.542,Intentional_binding,,2025.1.1,None,2025-11-11 12h06.08.769985 +0530,
0.1,1000,exp,252,0,21,space,0.6734398329863325,None,600,1,[1.741145999985747],[1.741149083012715],21,0,252,9,1245.231418792042,,1245.22162341699,1245.231418792042,1246.2201532090548,1246.2201532090548,1246.2259011670249,1246.902948708972,space,0.6734398329863325,None,1246.9046879590023,1247.0032699166952,1247.3055044590728,1247.2906847089762,1247.2932031250093,1247.3055044590728,1247.3055044590728,1247.3055044590728,1249.0469011670211,600,1,[1.741145999985747],[1.741149083012715],001,001,2025-11-11_12h06.03.542,Intentional_binding,,2025.1.1,None,2025-11-11 12h06.08.769985 +0530,
0.7,1000,exp,253,1,21,space,0.3548558750189841,None,0,1,[3.378370000049472],[3.3783728750422597],21,1,253,5,1249.0566531670047,,1249.0470755000133,1249.0566531670047,1250.0377191670705,1250.0377191670705,1250.0540355000412,1250.3966323339846,space,0.3548558750189841,None,1250.3980194170726,1251.101391208653,1251.406293750042,1251.396001458983,1251.3978467090055,1251.406293750042,1251.406293750042,1251.406293750042,1254.7849079590524,0,1,[3.378370000049472],[3.3783728750422597],001,001,2025-11-11_12h06.03.542,Intentional_binding,,2025.1.1,None,2025-11-11 12h06.08.769985 +0530,
0.7,400,unexp,254,2,21,space,1.1407164169941097,None,300,1,[6.747288291924633],[6.747291791951284],21,2,254,2,1254.7880942090414,,1254.7850493750302,1254.7880942090414,1255.782785834046,1255.782785834046,1255.782785834046,1256.9344152089907,space,1.1407164169941097,None,1256.9350280420622,1257.6342059167257,1257.9355609170161,1257.9216139169876,1257.9237949170638,1257.9355609170161,1257.9355609170161,1257.9355609170161,1264.6831074589863,300,1,[6.747288291924633],[6.747291791951284],001,001,2025-11-11_12h06.03.542,Intentional_binding,,2025.1.1,None,2025-11-11 12h06.08.769985 +0530,
0.4,1000,exp,255,3,21,space,0.5416681669885293,None,500,1,[0.9960555420257151],[0.9960582919884473],21,3,255,7,1264.6870635839878,,1264.6832917920547,1264.6870635839878,1265.683512708987,1265.683512708987,1265.683512708987,1266.230762292049,space,0.5416681669885293,None,1266.2319127920782,1266.63289125072,1266.9371817500796,1266.9234684590483,1266.9257842500228,1266.9371817500796,1266.9371817500796,1266.9371817500796,1267.9334720000625,500,1,[0.9960555420257151],[0.9960582919884473],001,001,2025-11-11_12h06.03.542,Intentional_binding,,2025.1.1,None,2025-11-11 12h06.08.769985 +0530,
0.7,1000,exp,256,4,21,space,0.4973894589347765,None,600,1,[3.3677786249900237],[3.3677815420087427],21,4,256,8,1267.93671550008,,1267.9336089590797,1267.93671550008,1268.9207367500057,1268.9207367500057,1268.934472916997,1269.4216956250602,space,0.4973894589347765,None,1269.4236889170716,1270.1235707917406,1270.42430241697,1270.4151524590561,1270.4155692500062,1270.42430241697,1270.42430241697,1270.42430241697,1273.7923423340544,600,1,[3.3677786249900237],[3.3677815420087427],001,001,2025-11-11_12h06.03.542,Intentional_binding,,2025.1.1,None,2025-11-11 12h06.08.769985 +0530,
0.4,1000,exp,257,5,21,space,0.5569128749193624,None,500,1,[0.9478657080326229],[0.9478693330893293],21,5,257,10,1273.7953405000735,,1273.792548833997,1273.7953405000735,1274.7834555840818,1274.7834555840818,1274.7834555840818,1275.3517988340463,space,0.5569128749193624,None,1275.353660791996,1275.7531793757264,1276.0589591250755,1276.0446453340119,1276.0463405000046,1276.0589591250755,1276.0589591250755,1276.0589591250755,1277.0070818340173,500,1,[0.9478657080326229],[0.9478693330893293],001,001,2025-11-11_12h06.03.542,Intentional_binding,,2025.1.1,None,2025-11-11 12h06.08.769985 +0530,
0.1,1000,exp,258,6,21,space,0.6433701250934973,None,300,1,[0.9467719999374822],[0.9467748330207542],21,6,258,3,1277.0171249590348,,1277.0072637500707,1277.0171249590348,1278.0065342920134,1278.0065342920134,1278.0065342920134,1278.653051750036,space,0.6433701250934973,None,1278.6548122500535,1278.7593925416625,1279.0684002090711,1279.0545089590596,1279.056698166998,1279.0684002090711,1279.0684002090711,1279.0684002090711,1280.01541129197,300,1,[0.9467719999374822],[0.9467748330207542],001,001,2025-11-11_12h06.03.542,Intentional_binding,,2025.1.1,None,2025-11-11 12h06.08.769985 +0530,
0.7,1000,exp,259,7,21,space,0.5833331249887124,None,700,1,[1.1633110840339214],[1.1633142499485984],21,7,259,11,1280.0272132090759,,1280.0155486250296,1280.0272132090759,1281.0155009999871,1281.0155009999871,1281.0155009999871,1281.612185584032,space,0.5833331249887124,None,1281.613972500083,1282.3118820416896,1282.6079890839756,1282.5992140000453,1282.5996072089765,1282.6079890839756,1282.6079890839756,1282.6079890839756,1283.7715193750337,700,1,[1.1633110840339214],[1.1633142499485984],001,001,2025-11-11_12h06.03.542,Intentional_binding,,2025.1.1,None,2025-11-11 12h06.08.769985 +0530,
0.1,400,unexp,260,8,21,space,0.3931379590649158,None,100,1,[2.032184207928367],[2.0321873750071973],21,8,260,0,1283.7813452919945,,1283.7716847499833,1283.7813452919945,1284.7665940839797,1284.7665940839797,1284.771315042046,1285.1631795840804,space,0.3931379590649158,None,1285.164700250025,1285.2689266256677,1285.5657569169998,1285.5576611669967,1285.5580160840182,1285.5657569169998,1285.5657569169998,1285.5657569169998,1287.5981684169965,100,1,[2.032184207928367],[2.0321873750071973],001,001,2025-11-11_12h06.03.542,Intentional_binding,,2025.1.1,None,2025-11-11 12h06.08.769985 +0530,
0.4,1000,exp,261,9,21,space,0.271947500994429,None,500,1,[1.06700754200574],[1.067010416998528],21,9,261,4,1287.6106941669714,,1287.5983094590483,1287.6106941669714,1288.589668333996,1288.589668333996,1288.6071605420439,1288.866956459009,space,0.271947500994429,None,1288.8685969590442,1289.2696925417442,1289.5723479590379,1289.5570820419816,1289.559672750067,1289.5723479590379,1289.5723479590379,1289.5723479590379,1290.6395991670433,500,1,[1.06700754200574],[1.067010416998528],001,001,2025-11-11_12h06.03.542,Intentional_binding,,2025.1.1,None,2025-11-11 12h06.08.769985 +0530,
0.1,1000,exp,262,10,21,space,0.32850558299105614,None,400,1,[1.3881475840462372],[1.388150459039025],21,10,262,6,1290.6501231670845,,1290.6397353750654,1290.6501231670845,1291.6400597500615,1291.6400597500615,1291.6400597500615,1291.9791492919903,space,0.32850558299105614,None,1291.9807602500077,1292.0838823756824,1292.3939967920305,1292.378934709006,1292.3809396249708,1292.3939967920305,1292.3939967920305,1292.3939967920305,1293.7823965840507,400,1,[1.3881475840462372],[1.388150459039025],001,001,2025-11-11_12h06.03.542,Intentional_binding,,2025.1.1,None,2025-11-11 12h06.08.769985 +0530,
0.4,400,unexp,263,11,21,space,0.4578167920699343,None,800,1,[1.9264624590286985],[1.926465459051542],21,11,263,1,1293.7866930840537,,1293.782579916995,1293.7866930840537,1294.7686865000287,1294.7686865000287,1294.78800150007,1295.2322950420203,space,0.4578167920699343,None,1295.2338416250423,1295.643107541666,1295.9489523749799,1295.9329580420163,1295.9350635000737,1295.9489523749799,1295.9489523749799,1295.9489523749799,1297.8757023339858,800,1,[1.9264624590286985],[1.926465459051542],001,001,2025-11-11_12h06.03.542,Intentional_binding,,2025.1.1,None,2025-11-11 12h06.08.769985 +0530,
0.4,1000,exp,264,0,22,space,0.24250208295416087,None,300,1,[1.1280765410047024],[1.1280800830572844],22,0,264,7,1297.8785157920793,,1297.8760045840172,1297.8785157920793,1298.8638469170546,1298.8638469170546,1298.8764205420157,1299.1217888339888,space,0.24250208295416087,None,1299.1235936670564,1299.5267893337334,1299.828354959027,1299.8139676250285,1299.8164680839982,1299.828354959027,1299.828354959027,1299.828354959027,1300.9566901670769,300,1,[1.1280765410047024],[1.1280800830572844],001,001,2025-11-11_12h06.03.542,Intentional_binding,,2025.1.1,None,2025-11-11 12h06.08.769985 +0530,
0.7,1000,exp,265,1,22,space,0.4532566670095548,None,400,1,[0.8901158329099417],[0.8901189579628408],22,1,265,5,1300.961477917037,,1300.9568863749737,1300.961477917037,1301.9560561670223,1301.9560561670223,1301.9560561670223,1302.411844459013,space,0.4532566670095548,None,1302.41351445904,1303.1192065836551,1303.422960667056,1303.4071053339867,1303.409867917071,1303.422960667056,1303.422960667056,1303.422960667056,1304.3133292919956,400,1,[0.8901158329099417],[0.8901189579628408],001,001,2025-11-11_12h06.03.542,Intentional_binding,,2025.1.1,None,2025-11-11 12h06.08.769985 +0530,
0.1,1000,exp,266,2,22,space,0.3080331670353189,None,500,1,[0.9876582500291988],[0.9876613749656826],22,2,266,6,1304.3240741250338,,1304.3135502090445,1304.3240741250338,1305.3161470000632,1305.3161470000632,1305.3161470000632,1305.6375922920415,space,0.3080331670353189,None,1305.6393300420605,1305.7419680416972,1306.0462457920657,1306.032331375056,1306.034618500038,1306.0462457920657,1306.0462457920657,1306.0462457920657,1307.034163000062,500,1,[0.9876582500291988],[0.9876613749656826],001,001,2025-11-11_12h06.03.542,Intentional_binding,,2025.1.1,None,2025-11-11 12h06.08.769985 +0530,
0.7,1000,exp,267,3,22,space,0.4019223329378292,None,600,1,[1.0119653749279678],[1.011968583916314],22,3,267,8,1307.0369775840081,,1307.034349124995,1307.0369775840081,1308.0331981669879,1308.0331981669879,1308.0331981669879,1308.4387362090638,space,0.4019223329378292,None,1308.440212125075,1309.1508218337005,1309.4532320420258,1309.4398628340568,1309.4420568749774,1309.4532320420258,1309.4532320420258,1309.4532320420258,1310.4654378340347,600,1,[1.0119653749279678],[1.011968583916314],001,001,2025-11-11_12h06.03.542,Intentional_binding,,2025.1.1,None,2025-11-11 12h06.08.769985 +0530,
0.1,400,unexp,268,4,22,space,0.33229075092822313,None,300,1,[1.2286109580891207],[1.228613916086033],22,4,268,0,1310.4773022920126,,1310.465576125076,1310.4773022920126,1311.4548816250172,1311.4548816250172,1311.4731436250731,1311.7886455840198,space,0.33229075092822313,None,1311.7902151669841,1311.8882269167264,1312.194990292075,1312.1814213340404,1312.1833952920279,1312.194990292075,1312.194990292075,1312.194990292075,1313.4238416249864,300,1,[1.2286109580891207],[1.228613916086033],001,001,2025-11-11_12h06.03.542,Intentional_binding,,2025.1.1,None,2025-11-11 12h06.08.769985 +0530,
0.1,1000,exp,269,5,22,space,0.4236965010641143,None,400,1,[1.256974166026339],[1.2569769580150023],22,5,269,3,1313.4282936250092,,1313.4240222499939,1313.4282936250092,1314.4133322919952,1314.4133322919952,1314.4261462920113,1314.8378583750455,space,0.4236965010641143,None,1314.8382109589875,1314.9369640006373,1315.2475076250266,1315.2320395420538,1315.2340974999825,1315.2475076250266,1315.2475076250266,1315.2475076250266,1316.5047270420473,400,1,[1.256974166026339],[1.2569769580150023],001,001,2025-11-11_12h06.03.542,Intentional_binding,,2025.1.1,None,2025-11-11 12h06.08.769985 +0530,
0.4,400,unexp,270,6,22,space,0.6089649590430781,None,500,1,[1.1701450840337202],[1.1701480000047013],22,6,270,1,1316.5143428340089,,1316.5049007500056,1316.5143428340089,1317.495926292031,1317.495926292031,1317.5120035000145,1318.1194074590458,space,0.6089649590430781,None,1318.1211509590503,1318.5274710417182,1318.8307846670505,1318.8152225420345,1318.8178883750224,1318.8307846670505,1318.8307846670505,1318.8307846670505,1320.0011855419725,500,1,[1.1701450840337202],[1.1701480000047013],001,001,2025-11-11_12h06.03.542,Intentional_binding,,2025.1.1,None,2025-11-11 12h06.08.769985 +0530,
0.1,1000,exp,271,7,22,space,0.45253949996549636,None,600,1,[1.019503791932948],[1.019506457960233],22,7,271,9,1320.003489374998,,1320.0013296250254,1320.003489374998,1320.9902620000066,1320.9902620000066,1320.9960638340563,1321.4554453750607,space,0.45253949996549636,None,1321.4573031669715,1321.5617439166565,1321.8679257920012,1321.8536641669925,1321.8554847920313,1321.8679257920012,1321.8679257920012,1321.8679257920012,1322.8876814590767,600,1,[1.019503791932948],[1.019506457960233],001,001,2025-11-11_12h06.03.542,Intentional_binding,,2025.1.1,None,2025-11-11 12h06.08.769985 +0530,
0.4,1000,exp,272,8,22,space,0.26828912599012256,None,300,1,[1.3317631660029292],[1.3317662499612197],22,8,272,10,1322.9022932500811,,1322.8878227090463,1322.9022932500811,1323.8795061249984,1323.8795061249984,1323.8983510839753,1324.153637374984,space,0.26828912599012256,None,1324.1552564590238,1324.5555682506567,1324.8648755840259,1324.8490808750503,1324.8521687090397,1324.8648755840259,1324.8648755840259,1324.8648755840259,1326.1968860420166,300,1,[1.3317631660029292],[1.3317662499612197],001,001,2025-11-11_12h06.03.542,Intentional_binding,,2025.1.1,None,2025-11-11 12h06.08.769985 +0530,
0.7,400,unexp,273,9,22,space,0.5013347920030355,None,500,1,[1.0048251249827445],[1.0048279999755323],22,9,273,2,1326.2068372920621,,1326.197057042038,1326.2068372920621,1327.1992992920568,1327.1992992920568,1327.1992992920568,1327.7124069590354,space,0.5013347920030355,None,1327.7139441249892,1328.417683125652,1328.719232250005,1328.704899000004,1328.706863541971,1328.719232250005,1328.719232250005,1328.719232250005,1329.724304500036,500,1,[1.0048251249827445],[1.0048279999755323],001,001,2025-11-11_12h06.03.542,Intentional_binding,,2025.1.1,None,2025-11-11 12h06.08.769985 +0530,
0.7,1000,exp,274,10,22,space,0.522673291969113,None,00,1,[0.6186050419928506],[0.6186079590115696],22,10,274,11,1329.7303145839833,,1329.7244729170343,1329.7303145839833,1330.723196709063,1330.723196709063,1330.723196709063,1331.250225084019,space,0.522673291969113,None,1331.251785667031,1331.9508131667428,1332.2557171250228,1332.243410916999,1332.2448787500616,1332.2557171250228,1332.2557171250228,1332.2557171250228,1332.8745652500074,00,1,[0.6186050419928506],[0.6186079590115696],001,001,2025-11-11_12h06.03.542,Intentional_binding,,2025.1.1,None,2025-11-11 12h06.08.769985 +0530,
0.4,1000,exp,275,11,22,space,0.6329304999671876,None,500,1,[0.7133705000160262],[0.7133734170347452],22,11,275,4,1332.8784174170578,,1332.874740500003,1332.8784174170578,1333.8625792500097,1333.8625792500097,1333.8745937090134,1334.5016280839918,space,0.6329304999671876,None,1334.5031049170066,1334.9107565007328,1335.2125033340417,1335.1996532500489,1335.2051089170855,1335.2125033340417,1335.2125033340417,1335.2125033340417,1335.9261181670008,500,1,[0.7133705000160262],[0.7133734170347452],001,001,2025-11-11_12h06.03.542,Intentional_binding,,2025.1.1,None,2025-11-11 12h06.08.769985 +0530,
0.4,400,unexp,276,0,23,space,0.3950235000811517,None,300,1,[1.1155482500325888],[1.115550999995321],23,0,276,1,1335.9283980000764,,1335.9262573340675,1335.9283980000764,1336.9168340840843,1336.9168340840843,1336.921546000056,1337.320992709021,space,0.3950235000811517,None,1337.322638584068,1337.7246737506396,1338.039198625018,1338.0237477089977,1338.026430250029,1338.039198625018,1338.039198625018,1338.039198625018,1339.1549924170831,300,1,[1.1155482500325888],[1.115550999995321],001,001,2025-11-11_12h06.03.542,Intentional_binding,,2025.1.1,None,2025-11-11 12h06.08.769985 +0530,
0.4,1000,exp,277,1,23,space,0.4541434170678258,None,800,1,[0.8447989580454305],[0.8448016670299694],23,1,277,7,1339.164958709036,,1339.1551759170834,1339.164958709036,1340.1492049170192,1340.1492049170192,1340.153753667022,1340.6073529999703,space,0.4541434170678258,None,1340.6090009170584,1341.0103865836902,1341.3201101250015,1341.3049699590774,1341.3069831250468,1341.3201101250015,1341.3201101250015,1341.3201101250015,1342.1651678340277,800,1,[0.8447989580454305],[0.8448016670299694],001,001,2025-11-11_12h06.03.542,Intentional_binding,,2025.1.1,None,2025-11-11 12h06.08.769985 +0530,
0.7,1000,exp,278,2,23,space,0.34232679195702076,None,100,1,[6.8238845000742],[6.823887916980311],23,2,278,11,1342.1751142090652,,1342.165307749994,1342.1751142090652,1343.1648670840077,1343.1648670840077,1343.1648670840077,1343.5089293339988,space,0.34232679195702076,None,1343.5107813749928,1344.2086765006572,1344.5093134170165,1344.4957362919813,1344.4977960840333,1344.5093134170165,1344.5093134170165,1344.5093134170165,1351.3334443339845,100,1,[6.8238845000742],[6.823887916980311],001,001,2025-11-11_12h06.03.542,Intentional_binding,,2025.1.1,None,2025-11-11 12h06.08.769985 +0530,
0.1,1000,exp,279,3,23,space,0.332564833923243,None,200,1,[1.932316291029565],[1.9323193749878556],23,3,279,9,1351.3371650000336,,1351.3336221249774,1351.3371650000336,1352.3334648750024,1352.3334648750024,1352.3334648750024,1352.6791359999916,space,0.332564833923243,None,1352.680664125015,1352.7825984167323,1353.0894760839874,1353.073443292058,1353.0756737920456,1353.0894760839874,1353.0894760839874,1353.0894760839874,1355.0220486250473,200,1,[1.932316291029565],[1.9323193749878556],001,001,2025-11-11_12h06.03.542,Intentional_binding,,2025.1.1,None,2025-11-11 12h06.08.769985 +0530,
0.7,400,unexp,280,4,23,space,0.5142744590993971,None,900,1,[0.9644580839667469],[0.9644612089032307],23,4,280,2,1355.032196959015,,1355.022228084039,1355.032196959015,1356.0157579589868,1356.0157579589868,1356.0204977920512,1356.5333593339892,space,0.5142744590993971,None,1356.5345690000104,1357.236683541738,1357.5424724590266,1357.527779874974,1357.5298095840262,1357.5424724590266,1357.5424724590266,1357.5424724590266,1358.5071900840849,900,1,[0.9644580839667469],[0.9644612089032307],001,001,2025-11-11_12h06.03.542,Intentional_binding,,2025.1.1,None,2025-11-11 12h06.08.769985 +0530,
0.7,1000,exp,281,5,23,space,0.7370662080356851,None,600,1,[2.050695582991466],[2.050706124980934],23,5,281,5,1358.511956167058,,1358.5073581669712,1358.511956167058,1359.5038029999705,1359.5038029999705,1359.5038029999705,1360.2532823340734,space,0.7370662080356851,None,1360.2550269169733,1360.9562494167515,1361.2578325000359,1361.2445941250771,1361.2462641670136,1361.2578325000359,1361.2578325000359,1361.2578325000359,1363.3090185840847,600,1,[2.050695582991466],[2.050706124980934],001,001,2025-11-11_12h06.03.542,Intentional_binding,,2025.1.1,None,2025-11-11 12h06.08.769985 +0530,
0.1,1000,exp,282,6,23,space,0.3622490830020979,None,200,1,[2.017523791990243],[2.0175266669830307],23,6,282,3,1363.3120902500814,,1363.309463292011,1363.3120902500814,1364.298546209,1364.298546209,1364.3043242919957,1364.6648611670826,space,0.3622490830020979,None,1364.6666861670092,1364.7665065416988,1365.0791103750234,1365.0635671670316,1365.0659419590374,1365.0791103750234,1365.0791103750234,1365.0791103750234,1367.0968780840049,200,1,[2.017523791990243],[2.0175266669830307],001,001,2025-11-11_12h06.03.542,Intentional_binding,,2025.1.1,None,2025-11-11 12h06.08.769985 +0530,
0.4,1000,exp,283,7,23,space,0.7509904999751598,None,100,1,[1.3706082919379696],[1.370611541904509],23,7,283,10,1367.1067692920333,,1367.097071834025,1367.1067692920333,1368.091709875036,1368.091709875036,1368.0956744999858,1368.8527108340058,space,0.7509904999751598,None,1368.8545127500547,1369.2609285007386,1369.5701585840434,1369.5550693750847,1369.5573032500688,1369.5701585840434,1369.5701585840434,1369.5701585840434,1370.9410155420192,100,1,[1.3706082919379696],[1.370611541904509],001,001,2025-11-11_12h06.03.542,Intentional_binding,,2025.1.1,None,2025-11-11 12h06.08.769985 +0530,
0.4,1000,exp,284,8,23,space,0.6506226669298485,None,300,1,[2.3009334170492366],[2.3009360840078443],23,8,284,4,1370.945109500084,,1370.9412037499715,1370.945109500084,1371.9342150840675,1371.9342150840675,1371.9342150840675,1372.59703141707,space,0.6506226669298485,None,1372.5989926670445,1373.0113696257506,1373.312328250031,1373.2988045840757,1373.301103167003,1373.312328250031,1373.312328250031,1373.312328250031,1375.6134824589826,300,1,[2.3009334170492366],[2.3009360840078443],001,001,2025-11-11_12h06.03.542,Intentional_binding,,2025.1.1,None,2025-11-11 12h06.08.769985 +0530,
0.1,400,unexp,285,9,23,space,1.6278936669696122,None,400,1,[1.1123428749851882],[1.1123462499817833],23,9,285,0,1375.6237093750387,,1375.613656542031,1375.6237093750387,1376.6155035840347,1376.6155035840347,1376.6155035840347,1378.2468608340714,space,1.6278936669696122,None,1378.2479926670203,1378.3459617916417,1378.65086075,1378.6372453339864,1378.6392111249734,1378.65086075,1378.65086075,1378.65086075,1379.7634531250224,400,1,[1.1123428749851882],[1.1123462499817833],001,001,2025-11-11_12h06.03.542,Intentional_binding,,2025.1.1,None,2025-11-11 12h06.08.769985 +0530,
0.7,1000,exp,286,10,23,space,0.4053552499972284,None,200,1,[0.8080042499350384],[0.8080073329620063],23,10,286,8,1379.7745589590631,,1379.7636285839835,1379.7745589590631,1380.7633270000806,1380.7633270000806,1380.7633270000806,1381.1728690000018,space,0.4053552499972284,None,1381.1736659590388,1381.8759250416808,1382.1801960840821,1382.1666090000654,1382.1685307089938,1382.1801960840821,1382.1801960840821,1382.1801960840821,1382.9884600000223,200,1,[0.8080042499350384],[0.8080073329620063],001,001,2025-11-11_12h06.03.542,Intentional_binding,,2025.1.1,None,2025-11-11 12h06.08.769985 +0530,
0.1,1000,exp,287,11,23,space,1.6096912500215694,None,400,1,[1.1887919580331072],[1.188794833025895],23,11,287,6,1382.9994489999954,,1382.9886480000569,1382.9994489999954,1383.982593834051,1383.982593834051,1383.9873420840595,1385.597252125037,space,1.6096912500215694,None,1385.59815049998,1385.7097091257494,1386.0110949170776,1385.9966869590571,1385.9988024589838,1386.0110949170776,1386.0110949170776,1386.0110949170776,1387.2001419169828,400,1,[1.1887919580331072],[1.188794833025895],001,001,2025-11-11_12h06.03.542,Intentional_binding,,2025.1.1,None,2025-11-11 12h06.08.769985 +0530,
0.1,1000,exp,288,0,24,space,0.8680947920074686,None,200,1,[3.9470878340071067],[3.947091917041689],24,0,288,3,1387.2035604590783,,1387.200337458984,1387.2035604590783,1388.1900945000816,1388.1900945000816,1388.1954866250744,1389.0622475839918,space,0.8680947920074686,None,1389.0637532090768,1389.1672984166692,1389.4770180840278,1389.462921458995,1389.4649412920699,1389.4770180840278,1389.4770180840278,1389.4770180840278,1393.424370334018,200,1,[3.9470878340071067],[3.947091917041689],001,001,2025-11-11_12h06.03.542,Intentional_binding,,2025.1.1,None,2025-11-11 12h06.08.769985 +0530,
0.1,1000,exp,289,1,24,space,0.9225616260664538,None,300,1,[2.426585500012152],[2.426588666974567],24,1,289,9,1393.428198000067,,1393.4245809999993,1393.428198000067,1394.4234921250027,1394.4234921250027,1394.4234921250027,1395.35193045903,space,0.9225616260664538,None,1395.3536116670584,1395.452934375677,1395.7616319999797,1395.7466985420324,1395.7491908340016,1395.7616319999797,1395.7616319999797,1395.7616319999797,1398.1884683340322,300,1,[2.426585500012152],[2.426588666974567],001,001,2025-11-11_12h06.03.542,Intentional_binding,,2025.1.1,None,2025-11-11 12h06.08.769985 +0530,
0.1,1000,exp,290,2,24,space,1.0963830420514569,None,400,1,[2.068446582998149],[2.068449957994744],24,2,290,6,1398.1990339170443,,1398.1886280840263,1398.1990339170443,1399.1844801250845,1399.1844801250845,1399.1896446669707,1400.2877483749762,space,1.0963830420514569,None,1400.289690167061,1400.394299750744,1400.698878708994,1400.6856931250077,1400.6873436250025,1400.698878708994,1400.698878708994,1400.698878708994,1402.767577584018,400,1,[2.068446582998149],[2.068449957994744],001,001,2025-11-11_12h06.03.542,Intentional_binding,,2025.1.1,None,2025-11-11 12h06.08.769985 +0530,
0.7,1000,exp,291,3,24,space,1.535246792016551,None,400,1,[3.194658749969676],[3.194661832996644],24,3,291,8,1402.7698632089887,,1402.7677174169803,1402.7698632089887,1403.7674163749907,1403.7674163749907,1403.7674163749907,1405.3074930000585,space,1.535246792016551,None,1405.3078475840157,1406.0068231666849,1406.3103899999987,1406.2958136670059,1406.298147374997,1406.3103899999987,1406.3103899999987,1406.3103899999987,1409.5053035840392,400,1,[3.194658749969676],[3.194661832996644],001,001,2025-11-11_12h06.03.542,Intentional_binding,,2025.1.1,None,2025-11-11 12h06.08.769985 +0530,
0.4,1000,exp,292,4,24,space,1.3894854169338942,None,300,1,[1.253474541939795],[1.2534772920189425],24,4,292,4,1409.5163477089955,,1409.5055044170003,1409.5163477089955,1410.5010689590126,1410.5010689590126,1410.5069129170151,1411.9028402500553,space,1.3894854169338942,None,1411.9045877499739,1412.3036641666588,1412.602546292008,1412.5914002089994,1412.593044999987,1412.602546292008,1412.602546292008,1412.602546292008,1413.856270584045,300,1,[1.253474541939795],[1.2534772920189425],001,001,2025-11-11_12h06.03.542,Intentional_binding,,2025.1.1,None,2025-11-11 12h06.08.769985 +0530,
0.7,1000,exp,293,5,24,space,0.7797651670407504,None,400,1,[0.869490124983713],[0.8694928340846673],24,5,293,11,1413.8630281250225,,1413.8564069590066,1413.8630281250225,1414.8564138340298,1414.8564138340298,1414.8564138340298,1415.643190458999,space,0.7797651670407504,None,1415.644693417009,1416.345377708731,1416.6448502920102,1416.6332756669726,1416.6356195419794,1416.6448502920102,1416.6448502920102,1416.6448502920102,1417.5145893340232,400,1,[0.869490124983713],[0.8694928340846673],001,001,2025-11-11_12h06.03.542,Intentional_binding,,2025.1.1,None,2025-11-11 12h06.08.769985 +0530,
0.1,400,unexp,294,6,24,space,0.8330714590847492,None,200,1,[1.7404942499706522],[1.7404971660580486],24,6,294,0,1417.5208133340348,,1417.5147264170228,1417.5208133340348,1418.5143590840744,1418.5143590840744,1418.5143590840744,1419.3523009590572,space,0.8330714590847492,None,1419.353830209002,1419.4591133336692,1419.763963125064,1419.7486739170272,1419.751380666974,1419.763963125064,1419.763963125064,1419.763963125064,1421.5047203750582,200,1,[1.7404942499706522],[1.7404971660580486],001,001,2025-11-11_12h06.03.542,Intentional_binding,,2025.1.1,None,2025-11-11 12h06.08.769985 +0530,
0.7,1000,exp,295,7,24,space,0.8037752499803901,None,400,1,[3.558106750017032],[3.558110125013627],24,7,295,5,1421.5141693340847,,1421.50488970906,1421.5141693340847,1422.4975926670013,1422.4975926670013,1422.5142264170572,1423.3098769590724,space,0.8037752499803901,None,1423.3103396670194,1424.0211697916423,1424.3213915419765,1424.3127428339794,1424.3130878340453,1424.3213915419765,1424.3213915419765,1424.3213915419765,1427.879783625016,400,1,[3.558106750017032],[3.558110125013627],001,001,2025-11-11_12h06.03.542,Intentional_binding,,2025.1.1,None,2025-11-11 12h06.08.769985 +0530,
0.7,400,unexp,296,8,24,space,0.6851660839747638,None,500,1,[2.455494250054471],[2.455497791990638],24,8,296,2,1427.8888846250484,,1427.879972667084,1427.8888846250484,1428.8690350420075,1428.8690350420075,1428.8902096670354,1429.5585437919945,space,0.6851660839747638,None,1429.560156917083,1430.265582666678,1430.5698784589767,1430.5555033750134,1430.5583498750348,1430.5698784589767,1430.5698784589767,1430.5698784589767,1433.025630249991,500,1,[2.455494250054471],[2.455497791990638],001,001,2025-11-11_12h06.03.542,Intentional_binding,,2025.1.1,None,2025-11-11 12h06.08.769985 +0530,
0.4,1000,exp,297,9,24,space,0.48419262492097914,None,600,1,[1.2258837500121444],[1.2258872499223799],24,9,297,7,1433.0279490420362,,1433.0257795000216,1433.0279490420362,1434.0238593340619,1434.0238593340619,1434.0238593340619,1434.5209612919716,space,0.48419262492097914,None,1434.5225502920803,1434.9220033337517,1435.2234040420735,1435.2100272090174,1435.2118241250282,1435.2234040420735,1435.2234040420735,1435.2234040420735,1436.4495330420323,600,1,[1.2258837500121444],[1.2258872499223799],001,001,2025-11-11_12h06.03.542,Intentional_binding,,2025.1.1,None,2025-11-11 12h06.08.769985 +0530,
0.4,400,unexp,298,10,24,space,0.29622695897705853,None,700,1,[4.22827625006903],[4.228279084083624],24,10,298,1,1436.4532325840555,,1436.4497049590573,1436.4532325840555,1437.4497257090406,1437.4497257090406,1437.4497257090406,1437.7518234590534,space,0.29622695897705853,None,1437.7533739589853,1438.1605009167145,1438.4635744170519,1438.4480587920407,1438.4502758340677,1438.4635744170519,1438.4635744170519,1438.4635744170519,1442.6921084170463,700,1,[4.22827625006903],[4.228279084083624],001,001,2025-11-11_12h06.03.542,Intentional_binding,,2025.1.1,None,2025-11-11 12h06.08.769985 +0530,
0.4,1000,exp,299,11,24,space,0.3524987919954583,None,300,1,[2.300184292020276],[2.30018783302512],24,11,299,10,1442.6948814999778,,1442.6922723340103,1442.6948814999778,1443.689293249976,1443.689293249976,1443.689293249976,1444.0506052090786,space,0.3524987919954583,None,1444.0509600420482,1444.4591716667094,1444.7636628750479,1444.7486912090098,1444.7509562500054,1444.7636628750479,1444.7636628750479,1444.7636628750479,1447.0641025420045,300,1,[2.300184292020276],[2.30018783302512],001,001,2025-11-11_12h06.03.542,Intentional_binding,,2025.1.1,None,2025-11-11 12h06.08.769985 +0530,
0.4,1000,exp,300,0,25,space,0.6306769590592012,None,200,1,[1.6098209159681574],[1.609823958016932],25,0,300,10,1447.072302125045,,1447.064298500074,1447.072302125045,1448.0539882089943,1448.0539882089943,1448.072424834012,1448.6956334999995,space,0.6306769590592012,None,1448.6975501669804,1449.1031695417516,1449.4078276250511,1449.39559758408,1449.3975807090756,1449.4078276250511,1449.4078276250511,1449.4078276250511,1451.0178895000136,200,1,[1.6098209159681574],[1.609823958016932],001,001,2025-11-11_12h06.03.542,Intentional_binding,,2025.1.1,None,2025-11-11 12h06.08.769985 +0530,
0.1,1000,exp,301,1,25,space,0.6621568750124425,None,300,1,[4.403626999934204],[4.403630582964979],25,1,301,6,1451.0213782920036,,1451.0180346249836,1451.0213782920036,1452.0143885840662,1452.0143885840662,1452.0143885840662,1452.6841645420063,space,0.6621568750124425,None,1452.685854334035,1452.7915277087052,1453.1040325419744,1453.0886978340568,1453.0906793749891,1453.1040325419744,1453.1040325419744,1453.1040325419744,1457.5079104590695,300,1,[4.403626999934204],[4.403630582964979],001,001,2025-11-11_12h06.03.542,Intentional_binding,,2025.1.1,None,2025-11-11 12h06.08.769985 +0530,
0.7,1000,exp,302,2,25,space,1.6199786249781027,None,500,1,[2.072611959069036],[2.072624459047802],25,2,302,8,1457.5122315420303,,1457.5080889170058,1457.5122315420303,1458.5074452090776,1458.5074452090776,1458.5074452090776,1460.1323051250074,space,1.6199786249781027,None,1460.1339151250431,1460.8326448336632,1461.1349565000273,1461.1206292089773,1461.1226403340697,1461.1349565000273,1461.1349565000273,1461.1349565000273,1463.207831250038,500,1,[2.072611959069036],[2.072624459047802],001,001,2025-11-11_12h06.03.542,Intentional_binding,,2025.1.1,None,2025-11-11 12h06.08.769985 +0530,
0.1,1000,exp,303,3,25,space,0.7676126670558006,None,700,1,[1.820299542043358],[1.8203031669836491],25,3,303,3,1463.2116963340668,,1463.208017084049,1463.2116963340668,1464.1956697090063,1464.1956697090063,1464.2097212090157,1464.9669280420057,space,0.7676126670558006,None,1464.96850825008,1465.0713401666765,1465.36970220902,1465.3581231250428,1465.3600372920046,1465.36970220902,1465.36970220902,1465.36970220902,1467.1902480419958,700,1,[1.820299542043358],[1.8203031669836491],001,001,2025-11-11_12h06.03.542,Intentional_binding,,2025.1.1,None,2025-11-11 12h06.08.769985 +0530,
0.7,400,unexp,304,4,25,space,0.3803639590041712,None,200,1,[1.934905832982622],[1.9349089580355212],25,4,304,2,1467.1946913750144,,1467.190451084054,1467.1946913750144,1468.1787852920825,1468.1787852920825,1468.191539417021,1468.5642311250558,space,0.3803639590041712,None,1468.565754209063,1469.2658987916695,1469.5808713340666,1469.565713374992,1469.5684209170286,1469.5808713340666,1469.5808713340666,1469.5808713340666,1471.5160354999825,200,1,[1.934905832982622],[1.9349089580355212],001,001,2025-11-11_12h06.03.542,Intentional_binding,,2025.1.1,None,2025-11-11 12h06.08.769985 +0530,
0.7,1000,exp,305,5,25,space,0.648697791970335,None,300,1,[1.751996707986109],[1.7519994579488412],25,5,305,5,1471.520075959037,,1471.516219250043,1471.520075959037,1472.5144250420853,1472.5144250420853,1472.5144250420853,1473.1687741250498,space,0.648697791970335,None,1473.1703232500004,1473.8775278337455,1474.180719834054,1474.1653615420219,1474.168040791992,1474.180719834054,1474.180719834054,1474.180719834054,1475.9329563750653,300,1,[1.751996707986109],[1.7519994579488412],001,001,2025-11-11_12h06.03.542,Intentional_binding,,2025.1.1,None,2025-11-11 12h06.08.769985 +0530,
0.1,400,unexp,306,6,25,space,0.9855567920021713,None,400,1,[2.7025188750121742],[2.7025220000650734],25,6,306,0,1475.9365582499886,,1475.9330952920718,1475.9365582499886,1476.9283598340116,1476.9283598340116,1476.9283598340116,1477.925399958971,space,0.9855567920021713,None,1477.9257844589883,1478.0345887087208,1478.3383490419947,1478.3256565419724,1478.3274974590167,1478.3383490419947,1478.3383490419947,1478.3383490419947,1481.0411182499956,400,1,[2.7025188750121742],[2.7025220000650734],001,001,2025-11-11_12h06.03.542,Intentional_binding,,2025.1.1,None,2025-11-11 12h06.08.769985 +0530,
0.4,400,unexp,307,7,25,space,0.6663069579517469,None,500,1,[2.343863165937364],[2.34386625001207],25,7,307,1,1481.0452356250025,,1481.041298834025,1481.0452356250025,1482.0315006250748,1482.0315006250748,1482.037138667074,1482.7122320419876,space,0.6663069579517469,None,1482.7137622090522,1483.1172555006963,1483.4190000840463,1483.40743237501,1483.4096120840404,1483.4190000840463,1483.4190000840463,1483.4190000840463,1485.7631078750128,500,1,[2.343863165937364],[2.34386625001207],001,001,2025-11-11_12h06.03.542,Intentional_binding,,2025.1.1,None,2025-11-11 12h06.08.769985 +0530,
0.4,1000,exp,308,8,25,space,1.276241167099215,None,200,1,[0.9127574579324573],[0.912760499981232],25,8,308,7,1485.7733101249905,,1485.763294375036,1485.7733101249905,1486.7634893750073,1486.7634893750073,1486.7634893750073,1488.0519964169944,space,1.276241167099215,None,1488.053789125057,1488.4608048337434,1488.7697374590207,1488.7541425420204,1488.756322459085,1488.7697374590207,1488.7697374590207,1488.7697374590207,1489.6827532090247,200,1,[0.9127574579324573],[0.912760499981232],001,001,2025-11-11_12h06.03.542,Intentional_binding,,2025.1.1,None,2025-11-11 12h06.08.769985 +0530,
0.7,1000,exp,309,9,25,space,0.5750736260088161,None,400,1,[0.9920066669583321],[0.9920096249552444],25,9,309,11,1489.6866230419837,,1489.6829606670653,1489.6866230419837,1490.6824675840326,1490.6824675840326,1490.6824675840326,1491.267562958994,space,0.5750736260088161,None,1491.2690696669742,1491.9778056666876,1492.2802087500459,1492.2648216250818,1492.26745195908,1492.2802087500459,1492.2802087500459,1492.2802087500459,1493.2724493750138,400,1,[0.9920066669583321],[0.9920096249552444],001,001,2025-11-11_12h06.03.542,Intentional_binding,,2025.1.1,None,2025-11-11 12h06.08.769985 +0530,
0.1,1000,exp,310,10,25,space,0.06972108304034919,None,200,1,[2.1864818329922855],[2.1864854999585077],25,10,310,9,1493.2799161670264,,1493.2725938339718,1493.2799161670264,1494.262797209085,1494.262797209085,1494.2748670000583,1494.3353687500348,space,0.06972108304034919,None,1494.3367732500192,1494.4419791256698,1494.742844792083,1494.7297990000807,1494.731837416999,1494.742844792083,1494.742844792083,1494.742844792083,1496.9295819170075,200,1,[2.1864818329922855],[2.1864854999585077],001,001,2025-11-11_12h06.03.542,Intentional_binding,,2025.1.1,None,2025-11-11 12h06.08.769985 +0530,
0.4,1000,exp,311,11,25,space,1.1889251259854063,None,500,1,[4.576055999961682],[4.576059708953835],25,11,311,4,1496.9397297090618,,1496.9297635840485,1496.9397297090618,1497.9235065419925,1497.9235065419925,1497.9289351250045,1499.1161720419768,space,1.1889251259854063,None,1499.1178139590193,1499.5187390007234,1499.82215916703,1499.8130537089892,1499.8136236669961,1499.82215916703,1499.82215916703,1499.82215916703,1504.3984654999804,500,1,[4.576055999961682],[4.576059708953835],001,001,2025-11-11_12h06.03.542,Intentional_binding,,2025.1.1,None,2025-11-11 12h06.08.769985 +0530,
0.1,1000,exp,312,0,26,space,0.5329245000611991,None,600,1,[3.652832792024128],[3.652836374938488],26,0,312,9,1504.4030071670422,,1504.3986520420294,1504.4030071670422,1505.3873232090846,1505.3873232090846,1505.3989230419975,1505.9244712090585,space,0.5329245000611991,None,1505.9260390000418,1506.0262567087232,1506.336733708973,1506.3218327920185,1506.3242712500505,1506.336733708973,1506.336733708973,1506.336733708973,1509.9898245000513,600,1,[3.652832792024128],[3.652836374938488],001,001,2025-11-11_12h06.03.542,Intentional_binding,,2025.1.1,None,2025-11-11 12h06.08.769985 +0530,
0.7,1000,exp,313,1,26,space,0.5429547500098124,None,400,1,[1.5407635000301525],[1.5407665410311893],26,1,313,11,1509.9998481670627,,1509.9900366669754,1509.9998481670627,1510.9831866250606,1510.9831866250606,1510.9867250000825,1511.531431584037,space,0.5429547500098124,None,1511.5329795000143,1512.2326817087053,1512.5329359590542,1512.5193979589967,1512.5210514169885,1512.5329359590542,1512.5329359590542,1512.5329359590542,1514.0739492090652,400,1,[1.5407635000301525],[1.5407665410311893],001,001,2025-11-11_12h06.03.542,Intentional_binding,,2025.1.1,None,2025-11-11 12h06.08.769985 +0530,
0.7,400,unexp,314,2,26,space,0.6848876669537276,None,300,1,[1.9153829589486122],[1.9153858750360087],26,2,314,2,1514.0779033340514,,1514.0741610000841,1514.0779033340514,1515.0675373340491,1515.0675373340491,1515.0675373340491,1515.754565917072,space,0.6848876669537276,None,1515.7561640000204,1516.4609600416773,1516.7642623750726,1516.751351709012,1516.7530873750802,1516.7642623750726,1516.7642623750726,1516.7642623750726,1518.6799057499738,300,1,[1.9153829589486122],[1.9153858750360087],001,001,2025-11-11_12h06.03.542,Intentional_binding,,2025.1.1,None,2025-11-11 12h06.08.769985 +0530,
0.1,400,unexp,315,3,26,space,0.41889550001360476,None,500,1,[2.068961999961175],[2.0689654169837013],26,3,315,0,1518.688585667056,,1518.6801145840436,1518.688585667056,1519.673030209029,1519.673030209029,1519.678570875083,1520.0950009999797,space,0.41889550001360476,None,1520.0967491670744,1520.2017292086423,1520.5132216250058,1520.4984331249725,1520.5010054589948,1520.5132216250058,1520.5132216250058,1520.5132216250058,1522.5824411669746,500,1,[2.068961999961175],[2.0689654169837013],001,001,2025-11-11_12h06.03.542,Intentional_binding,,2025.1.1,None,2025-11-11 12h06.08.769985 +0530,
0.4,1000,exp,316,4,26,space,0.7945727090118453,None,100,1,[0.970743874902837],[0.9707468749256805],26,4,316,4,1522.5863133340608,,1522.5826331250137,1522.5863133340608,1523.5703262920724,1523.5703262920724,1523.584774750052,1524.3718176670372,space,0.7945727090118453,None,1524.3734306669794,1524.777098041672,1525.0877801669994,1525.0724532500608,1525.0750790419988,1525.0877801669994,1525.0877801669994,1525.0877801669994,1526.058788250084,100,1,[0.970743874902837],[0.9707468749256805],001,001,2025-11-11_12h06.03.542,Intentional_binding,,2025.1.1,None,2025-11-11 12h06.08.769985 +0530,
0.4,1000,exp,317,5,26,space,1.318670916953124,None,600,1,[3.854575459030457],[3.8545785839669406],26,5,317,10,1526.0617476670304,,1526.059037375031,1526.0617476670304,1527.0570575840538,1527.0570575840538,1527.0570575840538,1528.3851314170752,space,1.318670916953124,None,1528.3867926669773,1528.7864518756435,1529.095482417033,1529.0810728750657,1529.0833300839877,1529.095482417033,1529.095482417033,1529.095482417033,1532.9503155840794,600,1,[3.854575459030457],[3.8545785839669406],001,001,2025-11-11_12h06.03.542,Intentional_binding,,2025.1.1,None,2025-11-11 12h06.08.769985 +0530,
0.4,400,unexp,318,6,26,space,0.7849463340826333,None,700,1,[2.4836927079595625],[2.4836959169479087],26,6,318,1,1532.953345334041,,1532.9505521249957,1532.953345334041,1533.9467186670518,1533.9467186670518,1533.9467186670518,1534.7438493750524,space,0.7849463340826333,None,1534.745587249985,1535.1441758337353,1535.4461200840306,1535.4320748340106,1535.4344917500857,1535.4461200840306,1535.4461200840306,1535.4461200840306,1537.9300676250132,700,1,[2.4836927079595625],[2.4836959169479087],001,001,2025-11-11_12h06.03.542,Intentional_binding,,2025.1.1,None,2025-11-11 12h06.08.769985 +0530,
0.1,1000,exp,319,7,26,space,2.985368625028059,None,500,1,[2.110303834080696],[2.1103077500592917],26,7,319,6,1537.9401977920206,,1537.9302485419903,1537.9401977920206,1538.924693417037,1538.924693417037,1538.9282605840126,1541.914239417063,space,2.985368625028059,None,1541.9157880840357,1542.017019541647,1542.321564916987,1542.3052807090571,1542.308332500048,1542.321564916987,1542.321564916987,1542.321564916987,1544.432214334025,500,1,[2.110303834080696],[2.1103077500592917],001,001,2025-11-11_12h06.03.542,Intentional_binding,,2025.1.1,None,2025-11-11 12h06.08.769985 +0530,
0.7,1000,exp,320,8,26,space,1.344429042073898,None,300,1,[6.114077499951236],[6.114080666913651],26,8,320,8,1544.4362915840466,,1544.4324820840266,1544.4362915840466,1545.4207774590468,1545.4207774590468,1545.4335050840164,1546.7774231249932,space,1.344429042073898,None,1546.7793364169775,1547.4794427917261,1547.7769036249956,1547.7661322089843,1547.7681037089787,1547.7769036249956,1547.7769036249956,1547.7769036249956,1553.8912524590269,300,1,[6.114077499951236],[6.114080666913651],001,001,2025-11-11_12h06.03.542,Intentional_binding,,2025.1.1,None,2025-11-11 12h06.08.769985 +0530,
0.1,1000,exp,321,9,26,space,0.6346465829992667,None,500,1,[1.6398743749596179],[1.6398776249261573],26,9,321,3,1553.8950258750701,,1553.8914321670309,1553.8950258750701,1554.8804165000329,1554.8804165000329,1554.8938672919758,1555.5179503340041,space,0.6346465829992667,None,1555.5183111670194,1555.6188505007342,1555.9313722089864,1555.9159760840703,1555.9187816670164,1555.9313722089864,1555.9313722089864,1555.9313722089864,1557.5715083340183,500,1,[1.6398743749596179],[1.6398776249261573],001,001,2025-11-11_12h06.03.542,Intentional_binding,,2025.1.1,None,2025-11-11 12h06.08.769985 +0530,
0.4,1000,exp,322,10,26,space,0.45603183400817215,None,200,1,[1.1477309999754652],[1.1477341658901423],26,10,322,7,1557.5796578750014,,1557.5717096250737,1557.5796578750014,1558.5627429590095,1558.5627429590095,1558.5754856250715,1559.025785334059,space,0.45603183400817215,None,1559.027500458993,1559.4283737507105,1559.7267462500604,1559.715754874982,1559.7176265420858,1559.7267462500604,1559.7267462500604,1559.7267462500604,1560.8747347500175,200,1,[1.1477309999754652],[1.1477341658901423],001,001,2025-11-11_12h06.03.542,Intentional_binding,,2025.1.1,None,2025-11-11 12h06.08.769985 +0530,
0.7,1000,exp,323,11,26,space,0.39487679197918624,None,900,1,[0.6893865830497816],[0.6893900000723079],26,11,323,5,1560.8786215840373,,1560.8749084590236,1560.8786215840373,1561.8732287500752,1561.8732287500752,1561.8732287500752,1562.2718699590769,space,0.39487679197918624,None,1562.273307000054,1562.9832620416457,1563.2859190420713,1563.2745300839888,1563.2764031250263,1563.2859190420713,1563.2859190420713,1563.2859190420713,1563.975567375077,900,1,[0.6893865830497816],[0.6893900000723079],001,001,2025-11-11_12h06.03.542,Intentional_binding,,2025.1.1,None,2025-11-11 12h06.08.769985 +0530,
0.4,1000,exp,324,0,27,space,0.2965520420111716,None,400,1,[2.737178625073284],[2.7371812500059605],27,0,324,7,1563.978077167063,,1563.975716917077,1563.978077167063,1564.9638299170183,1564.9638299170183,1564.9763120419811,1565.2676554589998,space,0.2965520420111716,None,1565.2691487499978,1565.6769814167094,1565.9777292920044,1565.9662259169854,1565.9681667500408,1565.9777292920044,1565.9777292920044,1565.9777292920044,1568.7151538750622,400,1,[2.737178625073284],[2.7371812500059605],001,001,2025-11-11_12h06.03.542,Intentional_binding,,2025.1.1,None,2025-11-11 12h06.08.769985 +0530,
0.1,1000,exp,325,1,27,space,0.9083413330372423,None,400,1,[1.9012377919862047],[1.9012406670954078],27,1,325,9,1568.7253201670246,,1568.715301875025,1568.7253201670246,1569.7143057089997,1569.7143057089997,1569.7143057089997,1570.6332001669798,space,0.9083413330372423,None,1570.6336095000152,1570.7438083337076,1571.0551849590847,1571.0391606250778,1571.0418470840668,1571.0551849590847,1571.0551849590847,1571.0551849590847,1572.9566807090305,400,1,[1.9012377919862047],[1.9012406670954078],001,001,2025-11-11_12h06.03.542,Intentional_binding,,2025.1.1,None,2025-11-11 12h06.08.769985 +0530,
0.4,400,unexp,326,2,27,space,0.48405187495518476,None,300,1,[2.7705549170495942],[2.7705579169560224],27,2,326,1,1572.9617770840414,,1572.9569112090394,1572.9617770840414,1573.945478833979,1573.945478833979,1573.958191749989,1574.443126667058,space,0.48405187495518476,None,1574.4446472920245,1574.8443559586924,1575.1554407500662,1575.1390634169802,1575.141864708974,1575.1554407500662,1575.1554407500662,1575.1554407500662,1577.926240958972,300,1,[2.7705549170495942],[2.7705579169560224],001,001,2025-11-11_12h06.03.542,Intentional_binding,,2025.1.1,None,2025-11-11 12h06.08.769985 +0530,
0.1,400,unexp,327,3,27,space,0.6624739170074463,None,500,1,[1.4430962919723243],[1.4430994590511546],27,3,327,0,1577.92949387501,,1577.9263802500209,1577.92949387501,1578.9209732919699,1578.9209732919699,1578.9209732919699,1579.5897932089865,space,0.6624739170074463,None,1579.5911972919712,1579.689509500695,1579.9953297920292,1579.9801932499977,1579.9825486670015,1579.9953297920292,1579.9953297920292,1579.9953297920292,1581.4386722920462,500,1,[1.4430962919723243],[1.4430994590511546],001,001,2025-11-11_12h06.03.542,Intentional_binding,,2025.1.1,None,2025-11-11 12h06.08.769985 +0530,
0.7,1000,exp,328,4,27,space,0.3306988748954609,None,200,1,[2.654680291074328],[2.654684124980122],27,4,328,11,1581.4488738750806,,1581.4388611250324,1581.4488738750806,1582.4313026670134,1582.4313026670134,1582.4433115840657,1582.7682890000287,space,0.3306988748954609,None,1582.7697744170437,1583.4697129167073,1583.7762314589927,1583.7622892090585,1583.764304124983,1583.7762314589927,1583.7762314589927,1583.7762314589927,1586.4312050420558,200,1,[2.654680291074328],[2.654684124980122],001,001,2025-11-11_12h06.03.542,Intentional_binding,,2025.1.1,None,2025-11-11 12h06.08.769985 +0530,
0.4,1000,exp,329,5,27,space,0.4511816669255495,None,400,1,[2.244471124955453],[2.2444736670004204],27,5,329,10,1586.4413813750725,,1586.4314265419962,1586.4413813750725,1587.4270217500161,1587.4270217500161,1587.4329456670675,1587.8884387500584,space,0.4511816669255495,None,1587.890172000043,1588.2897990006643,1588.6040226250188,1588.5879207920516,1588.590592166991,1588.6040226250188,1588.6040226250188,1588.6040226250188,1590.8487255839864,400,1,[2.244471124955453],[2.2444736670004204],001,001,2025-11-11_12h06.03.542,Intentional_binding,,2025.1.1,None,2025-11-11 12h06.08.769985 +0530,
0.4,1000,exp,330,6,27,space,0.6539537509670481,None,500,1,[4.090848042047583],[4.090851792017929],27,6,330,4,1590.8603440839797,,1590.8488664589822,1590.8603440839797,1591.8381631670054,1591.8381631670054,1591.855698750005,1592.49619479198,space,0.6539537509670481,None,1592.497800167068,1592.9093927506513,1593.2138465420576,1593.199733125046,1593.2016674170736,1593.2138465420576,1593.2138465420576,1593.2138465420576,1597.3052058339817,500,1,[4.090848042047583],[4.090851792017929],001,001,2025-11-11_12h06.03.542,Intentional_binding,,2025.1.1,None,2025-11-11 12h06.08.769985 +0530,
0.7,400,unexp,331,7,27,space,0.6809433330781758,None,700,1,[1.0513924999395385],[1.051405374892056],27,7,331,2,1597.3149171250407,,1597.3054350420134,1597.3149171250407,1598.2950627499959,1598.2950627499959,1598.3139406670816,1598.9852740420029,space,0.6809433330781758,None,1598.9872984590475,1599.686947166749,1599.997268666979,1599.9816835420206,1599.9844783750596,1599.997268666979,1599.997268666979,1599.997268666979,1601.0489464170532,700,1,[1.0513924999395385],[1.051405374892056],001,001,2025-11-11_12h06.03.542,Intentional_binding,,2025.1.1,None,2025-11-11 12h06.08.769985 +0530,
0.7,1000,exp,332,8,27,space,0.6980326670454815,None,400,1,[2.9468243749579415],[2.946827125037089],27,8,332,5,1601.0532944590086,,1601.0491441669874,1601.0532944590086,1602.0399573750328,1602.0399573750328,1602.0455915420316,1602.7459983340232,space,0.6980326670454815,None,1602.7476802499732,1603.4490463337318,1603.7494808749761,1603.7362197090406,1603.7382195420796,1603.7494808749761,1603.7494808749761,1603.7494808749761,1606.696584374993,400,1,[2.9468243749579415],[2.946827125037089],001,001,2025-11-11_12h06.03.542,Intentional_binding,,2025.1.1,None,2025-11-11 12h06.08.769985 +0530,
0.1,1000,exp,333,9,27,space,0.5070930839283392,None,800,1,[5.141860999981873],[5.141863625030965],27,9,333,3,1606.70793158398,,1606.6967820420396,1606.70793158398,1607.6906264170539,1607.6906264170539,1607.69512733398,1608.2076060420368,space,0.5070930839283392,None,1608.2079919590615,1608.3173655006724,1608.6312004589709,1608.6157889170572,1608.6184338750318,1608.6312004589709,1608.6312004589709,1608.6312004589709,1613.773306749994,800,1,[5.141860999981873],[5.141863625030965],001,001,2025-11-11_12h06.03.542,Intentional_binding,,2025.1.1,None,2025-11-11 12h06.08.769985 +0530,
0.1,1000,exp,334,10,27,space,3.8875205010408536,None,700,1,[1.4434228331083432],[1.4434257500106469],27,10,334,6,1613.7840617920738,,1613.773447124986,1613.7840617920738,1614.7648702500155,1614.7648702500155,1614.78220920905,1618.662509500049,space,3.8875205010408536,None,1618.663900542073,1618.7688840836674,1619.0803094169823,1619.0648479589727,1619.0673764169915,1619.0803094169823,1619.0803094169823,1619.0803094169823,1620.5239837920526,700,1,[1.4434228331083432],[1.4434257500106469],001,001,2025-11-11_12h06.03.542,Intentional_binding,,2025.1.1,None,2025-11-11 12h06.08.769985 +0530,
0.7,1000,exp,335,11,27,space,0.40357208403293043,None,200,1,[1.1161877500126138],[1.1161907080095261],27,11,335,8,1620.5282234590268,,1620.524161834037,1620.5282234590268,1621.5162827919703,1621.5162827919703,1621.5196106670192,1621.9222682090476,space,0.40357208403293043,None,1621.9236942920834,1622.6342753756946,1622.9466791669838,1622.9314954590518,1622.9338179170154,1622.9466791669838,1622.9466791669838,1622.9466791669838,1624.0631156250602,200,1,[1.1161877500126138],[1.1161907080095261],001,001,2025-11-11_12h06.03.542,Intentional_binding,,2025.1.1,None,2025-11-11 12h06.08.769985 +0530,
0.4,1000,exp,336,0,28,space,1.1718510830542073,None,400,1,[2.8945579170249403],[2.8945609170477837],28,0,336,10,1624.0725032920018,,1624.0633116250392,1624.0725032920018,1625.057952958974,1625.057952958974,1625.061561458977,1626.2376612090738,space,1.1718510830542073,None,1626.2392081670696,1626.6424426666383,1626.9427645000396,1626.9298883340089,1626.9319693750003,1626.9427645000396,1626.9427645000396,1626.9427645000396,1629.8375981249847,400,1,[2.8945579170249403],[2.8945609170477837],001,001,2025-11-11_12h06.03.542,Intentional_binding,,2025.1.1,None,2025-11-11 12h06.08.769985 +0530,
0.7,1000,exp,337,1,28,space,1.4153237079735845,None,500,1,[2.842634209082462],[2.8426372091053054],28,1,337,5,1629.8469357499853,,1629.8377952920273,1629.8469357499853,1630.8322946249973,1630.8322946249973,1630.8368477090262,1632.2517690840177,space,1.4153237079735845,None,1632.2531840000302,1632.9575288757371,1633.272218334023,1633.2568140000803,1633.2594120000722,1633.272218334023,1633.272218334023,1633.272218334023,1636.1150990839815,500,1,[2.842634209082462],[2.8426372091053054],001,001,2025-11-11_12h06.03.542,Intentional_binding,,2025.1.1,None,2025-11-11 12h06.08.769985 +0530,
0.1,1000,exp,338,2,28,space,0.6254985829582438,None,400,1,[1.3690647500334308],[1.3690679999999702],28,2,338,3,1636.119539959007,,1636.1152952500852,1636.119539959007,1637.1035183750791,1637.1035183750791,1637.1169933750061,1637.7328780000098,space,0.6254985829582438,None,1637.7346331250155,1637.8340496257335,1638.1453590840101,1638.1293686670251,1638.1320380420657,1638.1453590840101,1638.1453590840101,1638.1453590840101,1639.5146937500685,400,1,[1.3690647500334308],[1.3690679999999702],001,001,2025-11-11_12h06.03.542,Intentional_binding,,2025.1.1,None,2025-11-11 12h06.08.769985 +0530,
0.1,1000,exp,339,3,28,space,0.6652577089844272,None,500,1,[2.5318127080099657],[2.5318154580891132],28,3,339,9,1639.5214791670442,,1639.5148984170519,1639.5214791670442,1640.5044183339924,1640.5044183339924,1640.5175808339845,1641.173324250034,space,0.6652577089844272,None,1641.1749176670564,1641.2735526667132,1641.5744919590652,1641.5613145420793,1641.5632582500111,1641.5744919590652,1641.5744919590652,1641.5744919590652,1644.106542334077,500,1,[2.5318127080099657],[2.5318154580891132],001,001,2025-11-11_12h06.03.542,Intentional_binding,,2025.1.1,None,2025-11-11 12h06.08.769985 +0530,
0.7,1000,exp,340,4,28,space,0.7553474999731407,None,300,1,[1.7330561670241877],[1.7330592919606715],28,4,340,11,1644.1165439169854,,1644.1066918750294,1644.1165439169854,1645.1048690000316,1645.1048690000316,1645.1166768750409,1645.8645991249941,space,0.7553474999731407,None,1645.866116499994,1646.5691272506413,1646.8728315840708,1646.8598799169995,1646.8615197920008,1646.8728315840708,1646.8728315840708,1646.8728315840708,1648.6061237499816,300,1,[1.7330561670241877],[1.7330592919606715],001,001,2025-11-11_12h06.03.542,Intentional_binding,,2025.1.1,None,2025-11-11 12h06.08.769985 +0530,
0.4,1000,exp,341,5,28,space,0.4340144169982523,None,600,1,[1.0663463750388473],[1.0663494999753311],28,5,341,4,1648.616669167066,,1648.6062617090065,1648.616669167066,1649.5951621250715,1649.5951621250715,1649.6119747500634,1650.0352879590355,space,0.4340144169982523,None,1650.036724167061,1650.4420007087213,1650.7460662920494,1650.731522875023,1650.7339084170526,1650.7460662920494,1650.7460662920494,1650.7460662920494,1651.8126562500838,600,1,[1.0663463750388473],[1.0663494999753311],001,001,2025-11-11_12h06.03.542,Intentional_binding,,2025.1.1,None,2025-11-11 12h06.08.769985 +0530,
0.7,1000,exp,342,6,28,space,0.47228687605820596,None,700,1,[0.8248738331021741],[0.8248770420905203],28,6,342,8,1651.8226798750693,,1651.8128289170563,1651.8226798750693,1652.8037723340094,1652.8037723340094,1652.8199396249838,1653.2787581670564,space,0.47228687605820596,None,1653.279126791982,1653.9825229587188,1654.2963338340633,1654.2818539590808,1654.2841888749972,1654.2963338340633,1654.2963338340633,1654.2963338340633,1655.121455000015,700,1,[0.8248738331021741],[0.8248770420905203],001,001,2025-11-11_12h06.03.542,Intentional_binding,,2025.1.1,None,2025-11-11 12h06.08.769985 +0530,
0.1,1000,exp,343,7,28,space,0.24076262500602752,None,200,1,[0.7282870000926778],[0.7282899580895901],28,7,343,6,1655.1311303750845,,1655.1216354169883,1655.1311303750845,1656.1122085420648,1656.1122085420648,1656.1301721669734,1656.3561572920298,space,0.24076262500602752,None,1656.3578057090053,1656.4569427086428,1656.7595971670235,1656.7456179590663,1656.747842333978,1656.7595971670235,1656.7595971670235,1656.7595971670235,1657.4881308750482,200,1,[0.7282870000926778],[0.7282899580895901],001,001,2025-11-11_12h06.03.542,Intentional_binding,,2025.1.1,None,2025-11-11 12h06.08.769985 +0530,
0.1,400,unexp,344,8,28,space,0.2584630419733003,None,900,1,[0.7713623750023544],[0.7713660419685766],28,8,344,0,1657.4981684170198,,1657.4883015840314,1657.4981684170198,1658.478502916987,1658.478502916987,1658.4966990840621,1658.7418634999776,space,0.2584630419733003,None,1658.743508542073,1658.8426867917335,1659.1523499169853,1659.1380641669966,1659.1406229999848,1659.1523499169853,1659.1523499169853,1659.1523499169853,1659.9239545840537,900,1,[0.7713623750023544],[0.7713660419685766],001,001,2025-11-11_12h06.03.542,Intentional_binding,,2025.1.1,None,2025-11-11 12h06.08.769985 +0530,
0.4,1000,exp,345,9,28,space,0.2471812079893425,None,500,1,[0.9505294590489939],[0.9505330839892849],28,9,345,7,1659.9276078750845,,1659.9240953340195,1659.9276078750845,1660.9247039170004,1660.9247039170004,1660.9247039170004,1661.177819750039,space,0.2471812079893425,None,1661.1794027090073,1661.580842916683,1661.8819136250531,1661.8685259170597,1661.8704212090233,1661.8819136250531,1661.8819136250531,1661.8819136250531,1662.8326896249782,500,1,[0.9505294590489939],[0.9505330839892849],001,001,2025-11-11_12h06.03.542,Intentional_binding,,2025.1.1,None,2025-11-11 12h06.08.769985 +0530,
0.4,400,unexp,346,10,28,space,0.27624612499494106,None,400,1,[0.6586780420038849],[0.658681167056784],28,10,346,1,1662.8366850420134,,1662.8328714590752,1662.8366850420134,1663.8285439170431,1663.8285439170431,1663.8285439170431,1664.106728542014,space,0.27624612499494106,None,1664.1082856249996,1664.5083032507139,1664.8123605420114,1664.7996057500131,1664.8015451669926,1664.8123605420114,1664.8123605420114,1664.8123605420114,1665.47129424999,400,1,[0.6586780420038849],[0.658681167056784],001,001,2025-11-11_12h06.03.542,Intentional_binding,,2025.1.1,None,2025-11-11 12h06.08.769985 +0530,
0.7,400,unexp,347,11,28,space,0.34346645791083574,None,100,1,[0.9815801250515506],[0.9815831669839099],28,11,347,2,1665.4812576670665,,1665.4714702500496,1665.4812576670665,1666.4622834170004,1666.4622834170004,1666.4784526670119,1666.8096192090306,space,0.34346645791083574,None,1666.811039500055,1667.5111087917505,1667.822281833971,1667.806928709033,1667.8097873340594,1667.822281833971,1667.822281833971,1667.822281833971,1668.8041075000074,100,1,[0.9815801250515506],[0.9815831669839099],001,001,2025-11-11_12h06.03.542,Intentional_binding,,2025.1.1,None,2025-11-11 12h06.08.769985 +0530,
0.7,1000,exp,348,0,29,space,0.29132529196795076,None,400,1,[1.2322738750372082],[1.2322767920559272],29,0,348,8,1668.8140287500573,,1668.804263584083,1668.8140287500573,1669.7984625840327,1669.7984625840327,1669.8035592089873,1670.0943860840052,space,0.29132529196795076,None,1670.0961617090506,1670.7954650837385,1671.1077681250172,1671.0909062920837,1671.0928911250085,1671.1077681250172,1671.1077681250172,1671.1077681250172,1672.3403112089727,400,1,[1.2322738750372082],[1.2322767920559272],001,001,2025-11-11_12h06.03.542,Intentional_binding,,2025.1.1,None,2025-11-11 12h06.08.769985 +0530,
0.4,1000,exp,349,1,29,space,0.2927275829715654,None,300,1,[4.32987699995283],[4.329880040953867],29,1,349,4,1672.344775750069,,1672.3404944590293,1672.344775750069,1673.33383383404,1673.33383383404,1673.33383383404,1673.6321088750847,space,0.2927275829715654,None,1673.632979792077,1674.0345915837136,1674.3439802919747,1674.3294517090544,1674.3314519170672,1674.3439802919747,1674.3439802919747,1674.3439802919747,1678.674125834019,300,1,[4.32987699995283],[4.329880040953867],001,001,2025-11-11_12h06.03.542,Intentional_binding,,2025.1.1,None,2025-11-11 12h06.08.769985 +0530,
0.1,400,unexp,350,2,29,space,0.3973549579968676,None,400,1,[1.1962442079093307],[1.196246999897994],29,2,350,0,1678.6779028340243,,1678.6743325419957,1678.6779028340243,1679.6650618750136,1679.6650618750136,1679.6705678340513,1680.0698114590487,space,0.3973549579968676,None,1680.0714595000027,1680.17626304174,1680.485712083988,1680.4712698339717,1680.4732223340543,1680.485712083988,1680.485712083988,1680.485712083988,1681.68220220902,400,1,[1.1962442079093307],[1.196246999897994],001,001,2025-11-11_12h06.03.542,Intentional_binding,,2025.1.1,None,2025-11-11 12h06.08.769985 +0530,
0.7,1000,exp,351,3,29,space,0.4285671249963343,None,700,1,[1.441673166002147],[1.441676540998742],29,3,351,5,1681.6870090420125,,1681.6823767500464,1681.6870090420125,1682.6727050420595,1682.6727050420595,1682.6782242499758,1683.1082095419988,space,0.4285671249963343,None,1683.1098069590516,1683.8157057086394,1684.131428749999,1684.1156591670588,1684.1181218340062,1684.131428749999,1684.131428749999,1684.131428749999,1685.5733514589956,700,1,[1.441673166002147],[1.441676540998742],001,001,2025-11-11_12h06.03.542,Intentional_binding,,2025.1.1,None,2025-11-11 12h06.08.769985 +0530,
0.1,1000,exp,352,4,29,space,0.459472291986458,None,400,1,[1.3358256249921396],[1.3358286250149831],29,4,352,3,1685.5796110840747,,1685.5735220420174,1685.5796110840747,1686.562742292066,1686.562742292066,1686.5760567920515,1687.0255225839792,space,0.459472291986458,None,1687.0272842090344,1687.1265802917226,1687.4372954170685,1687.4222143340157,1687.4243603340583,1687.4372954170685,1687.4372954170685,1687.4372954170685,1688.7733702090336,400,1,[1.3358256249921396],[1.3358286250149831],001,001,2025-11-11_12h06.03.542,Intentional_binding,,2025.1.1,None,2025-11-11 12h06.08.769985 +0530,
0.1,1000,exp,353,5,29,space,0.3605117090046406,None,300,1,[3.183213167008944],[3.1832160420017317],29,5,353,6,1688.7836551250657,,1688.7735480000265,1688.7836551250657,1689.7726388340816,1689.7726388340816,1689.7726388340816,1690.135468124994,space,0.3605117090046406,None,1690.1373952090507,1690.2412202086455,1690.5462098340504,1690.5306994999992,1690.5334506670479,1690.5462098340504,1690.5462098340504,1690.5462098340504,1693.7296759170713,300,1,[3.183213167008944],[3.1832160420017317],001,001,2025-11-11_12h06.03.542,Intentional_binding,,2025.1.1,None,2025-11-11 12h06.08.769985 +0530,
0.4,1000,exp,354,6,29,space,0.36913620901759714,None,600,1,[1.4619303330546245],[1.4619334579911083],29,6,354,7,1693.738889249973,,1693.7298653339967,1693.738889249973,1694.72690608399,1694.72690608399,1694.7327295000432,1695.102197417058,space,0.36913620901759714,None,1695.1039040000178,1695.5035492507197,1695.8043847919907,1695.7915832090657,1695.793508458999,1695.8043847919907,1695.8043847919907,1695.8043847919907,1697.2665702090599,600,1,[1.4619303330546245],[1.4619334579911083],001,001,2025-11-11_12h06.03.542,Intentional_binding,,2025.1.1,None,2025-11-11 12h06.08.769985 +0530,
0.7,1000,exp,355,7,29,space,1.9020553339505568,None,500,1,[1.3732303329743445],[1.3732331249630079],29,7,355,11,1697.270066334051,,1697.2667495839996,1697.270066334051,1698.2638465000782,1698.2638465000782,1698.2638465000782,1700.1711274590343,space,1.9020553339505568,None,1700.1715270420536,1700.8744612916528,1701.189372792025,1701.1728522090707,1701.1753324170131,1701.189372792025,1701.189372792025,1701.189372792025,1702.5628476249985,500,1,[1.3732303329743445],[1.3732331249630079],001,001,2025-11-11_12h06.03.542,Intentional_binding,,2025.1.1,None,2025-11-11 12h06.08.769985 +0530,
0.4,1000,exp,356,8,29,space,1.475987583049573,None,400,1,[1.5058178330073133],[1.5058209999697283],29,8,356,10,1702.5721297500422,,1702.5630215420388,1702.5721297500422,1703.5588289590087,1703.5588289590087,1703.5611188750481,1705.0476052920567,space,1.475987583049573,None,1705.0493047090713,1705.4525330006766,1705.755789292045,1705.741908667027,1705.7438847920857,1705.755789292045,1705.755789292045,1705.755789292045,1707.261837375001,400,1,[1.5058178330073133],[1.5058209999697283],001,001,2025-11-11_12h06.03.542,Intentional_binding,,2025.1.1,None,2025-11-11 12h06.08.769985 +0530,
0.4,400,unexp,357,9,29,space,1.1502223340794444,None,300,1,[1.4862379999831319],[1.486241125036031],29,9,357,1,1707.2768625840545,,1707.2619775000494,1707.2768625840545,1708.2594077920076,1708.2594077920076,1708.2653982500779,1709.4183854589937,space,1.1502223340794444,None,1709.4198570000008,1709.8279554587245,1710.1304777499754,1710.1156754590338,1710.1176951670786,1710.1304777499754,1710.1304777499754,1710.1304777499754,1711.617009583977,300,1,[1.4862379999831319],[1.486241125036031],001,001,2025-11-11_12h06.03.542,Intentional_binding,,2025.1.1,None,2025-11-11 12h06.08.769985 +0530,
0.1,1000,exp,358,10,29,space,0.5497181669343263,None,800,1,[1.3295246659545228],[1.3295274999691173],29,10,358,9,1711.619784584036,,1711.6173270000145,1711.619784584036,1712.6158664170653,1712.6158664170653,1712.6158664170653,1713.1679248750443,space,0.5497181669343263,None,1713.1694323340198,1713.2700010836745,1713.578708959045,1713.5626835420262,1713.5653440840542,1713.578708959045,1713.578708959045,1713.578708959045,1714.9084829590283,800,1,[1.3295246659545228],[1.3295274999691173],001,001,2025-11-11_12h06.03.542,Intentional_binding,,2025.1.1,None,2025-11-11 12h06.08.769985 +0530,
0.7,400,unexp,359,11,29,space,0.9008197500370443,None,900,1,[0.978685374953784],[0.9786886250367388],29,11,359,2,1714.911628916976,,1714.9086430839961,1714.911628916976,1715.8996909590205,1715.8996909590205,1715.8996909590205,1716.810750209028,space,0.9008197500370443,None,1716.812696625013,1717.5165178756617,1717.8191940840334,1717.8045019999845,1717.8065377919702,1717.8191940840334,1717.8191940840334,1717.8191940840334,1718.79811612505,900,1,[0.978685374953784],[0.9786886250367388],001,001,2025-11-11_12h06.03.542,Intentional_binding,,2025.1.1,None,2025-11-11 12h06.08.769985 +0530,
0.7,1000,exp,360,0,30,space,0.486652000923641,None,300,1,[0.9997840409632772],[0.9997871250379831],30,0,360,5,1718.808677833993,,1718.7982538340148,1718.808677833993,1719.7897402920062,1719.7897402920062,1719.8074093749747,1720.2861858750694,space,0.486652000923641,None,1720.288114916999,1720.9922602916524,1721.296668834053,1721.282563167042,1721.2846605420345,1721.296668834053,1721.296668834053,1721.296668834053,1722.29670587508,300,1,[0.9997840409632772],[0.9997871250379831],001,001,2025-11-11_12h06.03.542,Intentional_binding,,2025.1.1,None,2025-11-11 12h06.08.769985 +0530,
0.4,1000,exp,361,1,30,space,0.9908800420816988,None,100,1,[1.8323225419735536],[1.8323256250005215],30,1,361,10,1722.3075384590775,,1722.2968739590142,1722.3075384590775,1723.298181375023,1723.298181375023,1723.298181375023,1724.293835917022,space,0.9908800420816988,None,1724.2955197499832,1724.6947405416906,1724.997120709042,1724.984139667009,1724.9859771250049,1724.997120709042,1724.997120709042,1724.997120709042,1726.8296964169713,100,1,[1.8323225419735536],[1.8323256250005215],001,001,2025-11-11_12h06.03.542,Intentional_binding,,2025.1.1,None,2025-11-11 12h06.08.769985 +0530,
0.1,1000,exp,362,2,30,space,0.4190288749523461,None,500,1,[1.3280825829133391],[1.3280861669918522],30,2,362,6,1726.839080875041,,1726.8298729170347,1726.839080875041,1727.8201792089967,1727.8201792089967,1727.8362445420353,1728.2519577919738,space,0.4190288749523461,None,1728.2536066670436,1728.3597475416648,1728.6699149589986,1728.6542490420397,1728.6564950420288,1728.6699149589986,1728.6699149589986,1728.6699149589986,1729.9982489170507,500,1,[1.3280825829133391],[1.3280861669918522],001,001,2025-11-11_12h06.03.542,Intentional_binding,,2025.1.1,None,2025-11-11 12h06.08.769985 +0530,
0.4,1000,exp,363,3,30,space,0.39514858403708786,None,700,1,[1.3316561250248924],[1.3316592919873074],30,3,363,4,1730.0087495420594,,1729.9984116670676,1730.0087495420594,1730.9870359590277,1730.9870359590277,1731.003731874982,1731.3844982919982,space,0.39514858403708786,None,1731.3860932500102,1731.7940962087052,1732.1005704590352,1732.087204542011,1732.0892621250823,1732.1005704590352,1732.1005704590352,1732.1005704590352,1733.4324777090224,700,1,[1.3316561250248924],[1.3316592919873074],001,001,2025-11-11_12h06.03.542,Intentional_binding,,2025.1.1,None,2025-11-11 12h06.08.769985 +0530,
0.1,400,unexp,364,4,30,space,0.40335620904807,None,800,1,[1.2606731669511646],[1.2606765419477597],30,4,364,0,1733.4375342089916,,1733.4326527920784,1733.4375342089916,1734.4217120000394,1734.4217120000394,1734.4348788340576,1734.828648500028,space,0.40335620904807,None,1734.8290047090268,1734.935782875695,1735.2369559590006,1735.2241862090304,1735.2260223340709,1735.2369559590006,1735.2369559590006,1735.2369559590006,1736.4978780000238,800,1,[1.2606731669511646],[1.2606765419477597],001,001,2025-11-11_12h06.03.542,Intentional_binding,,2025.1.1,None,2025-11-11 12h06.08.769985 +0530,
0.7,1000,exp,365,5,30,space,1.2410958759719506,None,900,1,[3.174621457932517],[3.17462433304172],30,5,365,11,1736.5042847919976,,1736.4980598340044,1736.5042847919976,1737.5008892919868,1737.5008892919868,1737.5008892919868,1738.7457167090615,space,1.2410958759719506,None,1738.7461214590585,1739.4482927916727,1739.7567058750428,1739.7467919170158,1739.7471291670809,1739.7567058750428,1739.7567058750428,1739.7567058750428,1742.9315780840116,900,1,[3.174621457932517],[3.17462433304172],001,001,2025-11-11_12h06.03.542,Intentional_binding,,2025.1.1,None,2025-11-11 12h06.08.769985 +0530,
0.7,400,unexp,366,6,30,space,0.3293559169396758,None,300,1,[2.457792582921684],[2.457795750000514],30,6,366,2,1742.936592958984,,1742.9317753340583,1742.936592958984,1743.920430750004,1743.920430750004,1743.9326752090128,1744.251691917074,space,0.3293559169396758,None,1744.2531607500277,1744.9511727917163,1745.257114459062,1745.2405581669882,1745.2433666250436,1745.257114459062,1745.257114459062,1745.257114459062,1747.7151668340666,300,1,[2.457792582921684],[2.457795750000514],001,001,2025-11-11_12h06.03.542,Intentional_binding,,2025.1.1,None,2025-11-11 12h06.08.769985 +0530,
0.4,1000,exp,367,7,30,space,0.3977478339802474,None,400,1,[3.2594497080426663],[3.2594528750050813],30,7,367,7,1747.7196554590482,,1747.7153684169753,1747.7196554590482,1748.7058995420812,1748.7058995420812,1748.7186377920443,1749.1183865000494,space,0.3977478339802474,None,1749.1204352499917,1749.519985083669,1749.829674000037,1749.8149250000715,1749.8173499170225,1749.829674000037,1749.829674000037,1749.829674000037,1753.0893696249695,400,1,[3.2594497080426663],[3.2594528750050813],001,001,2025-11-11_12h06.03.542,Intentional_binding,,2025.1.1,None,2025-11-11 12h06.08.769985 +0530,
0.7,1000,exp,368,8,30,space,0.7962393750203773,None,700,1,[0.9694757499964908],[0.9694786249892786],30,8,368,8,1753.0958476670785,,1753.0895470840624,1753.0958476670785,1754.085304667009,1754.085304667009,1754.0907619589707,1754.8948789590504,space,0.7962393750203773,None,1754.8968310420169,1755.5946481667381,1755.8967486249749,1755.8823681250215,1755.8843379999744,1755.8967486249749,1755.8967486249749,1755.8967486249749,1756.8664764590794,700,1,[0.9694757499964908],[0.9694786249892786],001,001,2025-11-11_12h06.03.542,Intentional_binding,,2025.1.1,None,2025-11-11 12h06.08.769985 +0530,
0.4,400,unexp,369,9,30,space,1.3328437079908326,None,300,1,[4.859318375005387],[4.859321125084534],30,9,369,1,1756.8698687090073,,1756.8666290420806,1756.8698687090073,1757.8565861249808,1757.8565861249808,1757.861875917064,1759.2016148749972,space,1.3328437079908326,None,1759.2032377920114,1759.609341875712,1759.9129140840378,1759.899234334007,1759.9011191669852,1759.9129140840378,1759.9129140840378,1759.9129140840378,1764.7724833340617,300,1,[4.859318375005387],[4.859321125084534],001,001,2025-11-11_12h06.03.542,Intentional_binding,,2025.1.1,None,2025-11-11 12h06.08.769985 +0530,
0.1,1000,exp,370,10,30,space,0.31954966706689447,None,500,1,[1.0592502090148628],[1.059253167011775],30,10,370,9,1764.7831146250246,,1764.7726527090417,1764.7831146250246,1765.7727629999863,1765.7727629999863,1765.7727629999863,1766.0968826670432,space,0.31954966706689447,None,1766.0984617500799,1766.198563666727,1766.5028513340512,1766.4889897920657,1766.4910129590426,1766.5028513340512,1766.5028513340512,1766.5028513340512,1767.5623514590552,500,1,[1.0592502090148628],[1.059253167011775],001,001,2025-11-11_12h06.03.542,Intentional_binding,,2025.1.1,None,2025-11-11 12h06.08.769985 +0530,
0.1,1000,exp,371,11,30,space,0.38085766695439816,None,600,1,[0.893444332992658],[0.8934475409332663],30,11,371,3,1767.5715616249945,,1767.5625761250267,1767.5715616249945,1768.5573643749813,1768.5573643749813,1768.5616543750511,1768.9425049170386,space,0.38085766695439816,None,1768.9440645000432,1769.0438150007433,1769.355047167046,1769.340344791999,1769.3427386670373,1769.355047167046,1769.355047167046,1769.355047167046,1770.2487361250678,600,1,[0.893444332992658],[0.8934475409332663],001,001,2025-11-11_12h06.03.542,Intentional_binding,,2025.1.1,None,2025-11-11 12h06.08.769985 +0530,
0.4,1000,exp,372,0,31,space,0.2381407089997083,None,00,1,[0.6016846669372171],[0.6016873329645023],31,0,372,4,1770.2528922919882,,1770.2489216250833,1770.2528922919882,1771.2379986250307,1771.2379986250307,1771.25075091701,1771.4819877500413,space,0.2381407089997083,None,1771.4834969170624,1771.8934064587268,1772.193102459074,1772.1840679170564,1772.1844084169716,1772.193102459074,1772.193102459074,1772.193102459074,1772.7950117500732,00,1,[0.6016846669372171],[0.6016873329645023],001,001,2025-11-11_12h06.03.542,Intentional_binding,,2025.1.1,None,2025-11-11 12h06.08.769985 +0530,
0.4,1000,exp,373,1,31,space,0.9024634589441121,None,200,1,[0.9317287920275703],[0.9317315840162337],31,1,373,10,1772.8035249999957,,1772.7951521669747,1772.8035249999957,1773.7865789589705,1773.7865789589705,1773.8000378339784,1774.692085375078,space,0.9024634589441121,None,1774.693628792069,1775.0933360007514,1775.3932209169725,1775.3820795420324,1775.3836494589923,1775.3932209169725,1775.3932209169725,1775.3932209169725,1776.3252064590342,200,1,[0.9317287920275703],[0.9317315840162337],001,001,2025-11-11_12h06.03.542,Intentional_binding,,2025.1.1,None,2025-11-11 12h06.08.769985 +0530,
0.1,1000,exp,374,2,31,space,0.2924148750025779,None,500,1,[0.9638439590344205],[0.9638467089971527],31,2,374,6,1776.3281444590539,,1776.3253820840036,1776.3281444590539,1777.3146015839884,1777.3146015839884,1777.3202979170019,1777.6109290419845,space,0.2924148750025779,None,1777.6126149590127,1777.719063333647,1778.0255924999947,1778.0124820000492,1778.014456584002,1778.0255924999947,1778.0255924999947,1778.0255924999947,1778.989665250061,500,1,[0.9638439590344205],[0.9638467089971527],001,001,2025-11-11_12h06.03.542,Intentional_binding,,2025.1.1,None,2025-11-11 12h06.08.769985 +0530,
0.7,1000,exp,375,3,31,space,0.38989070907700807,None,400,1,[2.8864465829683468],[2.886449999990873],31,3,375,11,1778.9998288339702,,1778.9898045420414,1778.9998288339702,1779.9850207500858,1779.9850207500858,1779.9908902500756,1780.3853881250834,space,0.38989070907700807,None,1780.3868303339696,1781.0854157506876,1781.39567954198,1781.3818528340198,1781.3839078750461,1781.39567954198,1781.39567954198,1781.39567954198,1784.2823810420232,400,1,[2.8864465829683468],[2.886449999990873],001,001,2025-11-11_12h06.03.542,Intentional_binding,,2025.1.1,None,2025-11-11 12h06.08.769985 +0530,
0.4,1000,exp,376,4,31,space,0.3656099169747904,None,100,1,[1.1616844589589164],[1.161687291925773],31,4,376,7,1784.2861987500219,,1784.2825399170397,1784.2861987500219,1785.2831793340156,1785.2831793340156,1785.2831793340156,1785.6512300840113,space,0.3656099169747904,None,1785.6527272500098,1786.0532289166624,1786.3527813750552,1786.341202792013,1786.3428692090092,1786.3527813750552,1786.3527813750552,1786.3527813750552,1787.514701792039,100,1,[1.1616844589589164],[1.161687291925773],001,001,2025-11-11_12h06.03.542,Intentional_binding,,2025.1.1,None,2025-11-11 12h06.08.769985 +0530,
0.1,400,unexp,377,5,31,space,0.3444417080609128,None,500,1,[3.147057375055738],[3.147060041083023],31,5,377,0,1787.526839875034,,1787.5148418750614,1787.526839875034,1788.5162712499732,1788.5162712499732,1788.5162712499732,1788.8649645000696,space,0.3444417080609128,None,1788.8666557089891,1788.965972416747,1789.267585542053,1789.2531412090175,1789.2551792920567,1789.267585542053,1789.267585542053,1789.267585542053,1792.4148806249723,500,1,[3.147057375055738],[3.147060041083023],001,001,2025-11-11_12h06.03.542,Intentional_binding,,2025.1.1,None,2025-11-11 12h06.08.769985 +0530,
0.1,1000,exp,378,6,31,space,0.4739177090814337,None,600,1,[2.15184737497475],[2.1518499999074265],31,6,378,3,1792.4210936250165,,1792.4150315000443,1792.4210936250165,1793.4116908339784,1793.4116908339784,1793.4116908339784,1793.8941624590661,space,0.4739177090814337,None,1793.8945173750399,1793.9944440837173,1794.304941709037,1794.290996542084,1794.2930166249862,1794.304941709037,1794.304941709037,1794.304941709037,1796.457019292051,600,1,[2.15184737497475],[2.1518499999074265],001,001,2025-11-11_12h06.03.542,Intentional_binding,,2025.1.1,None,2025-11-11 12h06.08.769985 +0530,
0.7,1000,exp,379,7,31,space,0.5558916250010952,None,400,1,[2.9261187909869477],[2.9261223749490455],31,7,379,8,1796.4683945840225,,1796.4571565000806,1796.4683945840225,1797.4485792090418,1797.4485792090418,1797.4665369170252,1798.0069562500576,space,0.5558916250010952,None,1798.008554250002,1798.7169763757304,1799.020081292023,1799.0047185419826,1799.0066966250306,1799.020081292023,1799.020081292023,1799.020081292023,1801.946463584085,400,1,[2.9261187909869477],[2.9261223749490455],001,001,2025-11-11_12h06.03.542,Intentional_binding,,2025.1.1,None,2025-11-11 12h06.08.769985 +0530,
0.7,400,unexp,380,8,31,space,2.6655495000304654,None,500,1,[2.4667833750136197],[2.4667867500102147],31,8,380,2,1801.956515334081,,1801.9466605840717,1801.956515334081,1802.9387252919842,1802.9387252919842,1802.9567123750458,1805.6073509170674,space,2.6655495000304654,None,1805.609033292043,1806.3176130006943,1806.6229152500164,1806.6066076250281,1806.6100954170106,1806.6229152500164,1806.6229152500164,1806.6229152500164,1809.0899367500097,500,1,[2.4667833750136197],[2.4667867500102147],001,001,2025-11-11_12h06.03.542,Intentional_binding,,2025.1.1,None,2025-11-11 12h06.08.769985 +0530,
0.1,1000,exp,381,9,31,space,2.5488582509569824,None,800,1,[3.910642166971229],[3.910645042080432],31,9,381,9,1809.1018228749745,,1809.0900797090726,1809.1018228749745,1810.0812518340535,1810.0812518340535,1810.0989489170024,1812.6331506670685,space,2.5488582509569824,None,1812.6351911670063,1812.745103833677,1813.0543755419785,1813.0388805000111,1813.0415904590627,1813.0543755419785,1813.0543755419785,1813.0543755419785,1816.9652690420626,800,1,[3.910642166971229],[3.910645042080432],001,001,2025-11-11_12h06.03.542,Intentional_binding,,2025.1.1,None,2025-11-11 12h06.08.769985 +0530,
0.7,1000,exp,382,10,31,space,0.4236643329495564,None,300,1,[1.8656553749460727],[1.8656584999989718],31,10,382,5,1816.969472375,,1816.965488875052,1816.969472375,1817.9662780420622,1817.9662780420622,1817.9662780420622,1818.3916589170694,space,0.4236643329495564,None,1818.3934202090604,1819.094245000688,1819.399371250067,1819.3851241670782,1819.386801167042,1819.399371250067,1819.399371250067,1819.399371250067,1821.2652702500345,300,1,[1.8656553749460727],[1.8656584999989718],001,001,2025-11-11_12h06.03.542,Intentional_binding,,2025.1.1,None,2025-11-11 12h06.08.769985 +0530,
0.4,400,unexp,383,11,31,space,1.0605302500771359,None,300,1,[3.927275166963227],[3.9272786249639466],31,11,383,1,1821.2696027500788,,1821.2654793750262,1821.2696027500788,1822.2573240000056,1822.2573240000056,1822.2613997500157,1823.320924959029,space,1.0605302500771359,None,1823.3226905839983,1823.7361923336905,1824.0375406250823,1824.023851417005,1824.026737584034,1824.0375406250823,1824.0375406250823,1824.0375406250823,1827.9650719170459,300,1,[3.927275166963227],[3.9272786249639466],001,001,2025-11-11_12h06.03.542,Intentional_binding,,2025.1.1,None,2025-11-11 12h06.08.769985 +0530,
0.1,1000,exp,384,0,32,space,1.1864899590145797,None,600,1,[1.5852086669765413],[1.5852113750297576],32,0,384,3,1827.969571875059,,1827.9652568750316,1827.969571875059,1828.954227500013,1828.954227500013,1828.9675299590454,1830.1437631250592,space,1.1864899590145797,None,1830.1454881250393,1830.2519523336707,1830.5650117089972,1830.5482830840629,1830.5509468750097,1830.5650117089972,1830.5650117089972,1830.5650117089972,1832.1504841250135,600,1,[1.5852086669765413],[1.5852113750297576],001,001,2025-11-11_12h06.03.542,Intentional_binding,,2025.1.1,None,2025-11-11 12h06.08.769985 +0530,
0.1,400,unexp,385,1,32,space,0.5923926670802757,None,900,1,[1.4013317920034751],[1.4013347919099033],32,1,385,0,1832.152796584065,,1832.1506355840247,1832.152796584065,1833.1501750419848,1833.1501750419848,1833.1501750419848,1833.751281499979,space,0.5923926670802757,None,1833.7529046250274,1833.8593727086593,1834.1628606250742,1834.149205584079,1834.151606666972,1834.1628606250742,1834.1628606250742,1834.1628606250742,1835.5644423339982,900,1,[1.4013317920034751],[1.4013347919099033],001,001,2025-11-11_12h06.03.542,Intentional_binding,,2025.1.1,None,2025-11-11 12h06.08.769985 +0530,
0.4,1000,exp,386,2,32,space,0.5764631669735536,None,200,1,[1.0802751670125872],[1.0802786250133067],32,2,386,10,1835.5746845840476,,1835.5646140420577,1835.5746845840476,1836.553189874976,1836.553189874976,1836.5707830840256,1837.1359048340237,space,0.5764631669735536,None,1837.1376411670353,1837.5363282507208,1837.8453593750019,1837.8305221250048,1837.832920875051,1837.8453593750019,1837.8453593750019,1837.8453593750019,1838.9258815420326,200,1,[1.0802751670125872],[1.0802786250133067],001,001,2025-11-11_12h06.03.542,Intentional_binding,,2025.1.1,None,2025-11-11 12h06.08.769985 +0530,
0.7,400,unexp,387,3,32,space,0.34260087506845593,None,100,1,[1.9685232499614358],[1.9685263748979196],32,3,387,2,1838.9294379170751,,1838.926018374972,1838.9294379170751,1839.920835374971,1839.920835374971,1839.920835374971,1840.2760008750483,space,0.34260087506845593,None,1840.2774410840357,1840.9839114166718,1841.2881288750796,1841.273846709053,1841.2757478340063,1841.2881288750796,1841.2881288750796,1841.2881288750796,1843.2569243339822,100,1,[1.9685232499614358],[1.9685263748979196],001,001,2025-11-11_12h06.03.542,Intentional_binding,,2025.1.1,None,2025-11-11 12h06.08.769985 +0530,
0.1,1000,exp,388,4,32,space,5.341371458955109,None,200,1,[3.083785750088282],[3.083789541036822],32,4,388,6,1843.2663453749847,,1843.2571000420721,1843.2663453749847,1844.255784542067,1844.255784542067,1844.255784542067,1849.6004422500264,space,5.341371458955109,None,1849.602076375042,1849.7096119586533,1850.0123520420166,1849.9988426250638,1850.0007794590201,1850.0123520420166,1850.0123520420166,1850.0123520420166,1853.096388750011,200,1,[3.083785750088282],[3.083789541036822],001,001,2025-11-11_12h06.03.542,Intentional_binding,,2025.1.1,None,2025-11-11 12h06.08.769985 +0530,
0.7,1000,exp,389,5,32,space,2.9344529999652877,None,600,1,[2.526689999969676],[2.5266935830004513],32,5,389,8,1853.1067638749955,,1853.0965738750529,1853.1067638749955,1854.0871267090552,1854.0871267090552,1854.1053023750428,1857.02813345904,space,2.9344529999652877,None,1857.0297057500575,1857.734189916697,1858.0380154170562,1858.023968292051,1858.0259920000099,1858.0380154170562,1858.0380154170562,1858.0380154170562,1860.564975833986,600,1,[2.526689999969676],[2.5266935830004513],001,001,2025-11-11_12h06.03.542,Intentional_binding,,2025.1.1,None,2025-11-11 12h06.08.769985 +0530,
0.7,1000,exp,390,6,32,space,1.345233376021497,None,800,1,[1.6324801250593737],[1.6324835830600932],32,6,390,5,1860.5694852090674,,1860.5651685419725,1860.5694852090674,1861.5561177500058,1861.5561177500058,1861.5620113339974,1862.9042942089727,space,1.345233376021497,None,1862.9061904170085,1863.610086791745,1863.9136823340086,1863.898399042082,1863.9010887499899,1863.9136823340086,1863.9136823340086,1863.9136823340086,1865.546400167048,800,1,[1.6324801250593737],[1.6324835830600932],001,001,2025-11-11_12h06.03.542,Intentional_binding,,2025.1.1,None,2025-11-11 12h06.08.769985 +0530,
0.7,1000,exp,391,7,32,space,0.9334949590265751,None,900,1,[0.7204673750093207],[0.72047041694168],32,7,391,11,1865.5576695420314,,1865.546571334009,1865.5576695420314,1866.5437155839754,1866.5437155839754,1866.5492315840675,1867.4797737919725,space,0.9334949590265751,None,1867.481168959057,1868.1823912506845,1868.4834756670753,1868.4692424590467,1868.4712987500243,1868.4834756670753,1868.4834756670753,1868.4834756670753,1869.2041867499938,900,1,[0.7204673750093207],[0.72047041694168],001,001,2025-11-11_12h06.03.542,Intentional_binding,,2025.1.1,None,2025-11-11 12h06.08.769985 +0530,
0.4,400,unexp,392,8,32,space,0.24624112504534423,None,300,1,[3.485096500022337],[3.4850997501052916],32,8,392,1,1869.2131089590257,,1869.2043600420002,1869.2131089590257,1870.1959712500684,1870.1959712500684,1870.2089780840324,1870.4518051670166,space,0.24624112504534423,None,1870.4534645840758,1870.8606794167465,1871.1636053340044,1871.1490077089984,1871.1513389169704,1871.1636053340044,1871.1636053340044,1871.1636053340044,1874.6489355419762,300,1,[3.485096500022337],[3.4850997501052916],001,001,2025-11-11_12h06.03.542,Intentional_binding,,2025.1.1,None,2025-11-11 12h06.08.769985 +0530,
0.4,1000,exp,393,9,32,space,2.295636750990525,None,400,1,[4.472511874977499],[4.472514999913983],32,9,393,4,1874.6526264169952,,1874.6490924999816,1874.6526264169952,1875.639342334005,1875.639342334005,1875.6518478749786,1877.94325304206,space,2.295636750990525,None,1877.9448778340593,1878.3507582087225,1878.6570460840594,1878.6456460000481,1878.6476445000153,1878.6570460840594,1878.6570460840594,1878.6570460840594,1883.1301234590355,400,1,[4.472511874977499],[4.472514999913983],001,001,2025-11-11_12h06.03.542,Intentional_binding,,2025.1.1,None,2025-11-11 12h06.08.769985 +0530,
0.1,1000,exp,394,10,32,space,0.9222906249342486,None,100,1,[2.278162583010271],[2.2781660419423133],32,10,394,9,1883.141121792025,,1883.1303248750046,1883.141121792025,1884.120550709078,1884.120550709078,1884.1383258340647,1885.051917667035,space,0.9222906249342486,None,1885.053228167002,1885.1582510007468,1885.4589617500314,1885.445048624999,1885.4470089590177,1885.4589617500314,1885.4589617500314,1885.4589617500314,1887.7373829170829,100,1,[2.278162583010271],[2.2781660419423133],001,001,2025-11-11_12h06.03.542,Intentional_binding,,2025.1.1,None,2025-11-11 12h06.08.769985 +0530,
0.4,1000,exp,395,11,32,space,0.26467187504749745,None,400,1,[0.9342121669324115],[0.9342149589210749],32,11,395,7,1887.7468504590215,,1887.7376015840564,1887.7468504590215,1888.733093000017,1888.733093000017,1888.7380777089857,1889.001075083972,space,0.26467187504749745,None,1889.0026063340483,1889.410601208747,1889.7139093340375,1889.7016435840633,1889.7034198750043,1889.7139093340375,1889.7139093340375,1889.7139093340375,1890.648381459061,400,1,[0.9342121669324115],[0.9342149589210749],001,001,2025-11-11_12h06.03.542,Intentional_binding,,2025.1.1,None,2025-11-11 12h06.08.769985 +0530,
0.4,400,unexp,396,0,33,space,0.3881065419409424,None,300,1,[1.212400333955884],[1.2124032919527963],33,0,396,1,1890.6528773340397,,1890.6485873339698,1890.6528773340397,1891.6385325420415,1891.6385325420415,1891.651112709078,1892.0322258750675,space,0.3881065419409424,None,1892.0337034590775,1892.4339219167052,1892.7358825419797,1892.7209510840476,1892.7229813340819,1892.7358825419797,1892.7358825419797,1892.7358825419797,1893.94853075,300,1,[1.212400333955884],[1.2124032919527963],001,001,2025-11-11_12h06.03.542,Intentional_binding,,2025.1.1,None,2025-11-11 12h06.08.769985 +0530,
0.7,1000,exp,397,1,33,space,0.6184332919074222,None,500,1,[1.7485371249495074],[1.748539957916364],33,1,397,5,1893.9525497090071,,1893.9487016670173,1893.9525497090071,1894.9410746250069,1894.9410746250069,1894.9410746250069,1895.5627526249737,space,0.6184332919074222,None,1895.5643479590071,1896.275045916733,1896.5811495840317,1896.564724750002,1896.567455084063,1896.5811495840317,1896.5811495840317,1896.5811495840317,1898.3299332499737,500,1,[1.7485371249495074],[1.748539957916364],001,001,2025-11-11_12h06.03.542,Intentional_binding,,2025.1.1,None,2025-11-11 12h06.08.769985 +0530,
0.1,1000,exp,398,2,33,space,0.3823152920231223,None,900,1,[1.5698962080059573],[1.5698990420205519],33,2,398,3,1898.3381627920317,,1898.3301054170588,1898.3381627920317,1899.3301432500593,1899.3301432500593,1899.3301432500593,1899.7199326669797,space,0.3823152920231223,None,1899.7214341249783,1899.8251024586536,1900.1296277920483,1900.1144052500604,1900.1166222090833,1900.1296277920483,1900.1296277920483,1900.1296277920483,1901.6997697920306,900,1,[1.5698962080059573],[1.5698990420205519],001,001,2025-11-11_12h06.03.542,Intentional_binding,,2025.1.1,None,2025-11-11 12h06.08.769985 +0530,
0.4,1000,exp,399,3,33,space,0.2607717089122161,None,700,1,[0.8927540830336511],[0.8927568750223145],33,3,399,10,1901.7028134589782,,1901.6999637919944,1901.7028134589782,1902.699565084069,1902.699565084069,1902.699565084069,1902.96782429202,space,0.2607717089122161,None,1902.9691724170698,1903.3682415836413,1903.678359417012,1903.6628787090303,1903.6652669169707,1903.678359417012,1903.678359417012,1903.678359417012,1904.5713612500113,700,1,[0.8927540830336511],[0.8927568750223145],001,001,2025-11-11_12h06.03.542,Intentional_binding,,2025.1.1,None,2025-11-11 12h06.08.769985 +0530,
0.7,1000,exp,400,4,33,space,0.579713459010236,None,400,1,[3.392657417105511],[3.3926609590416774],33,4,400,8,1904.5814264999935,,1904.5715182090644,1904.5814264999935,1905.5715550000314,1905.5715550000314,1905.5715550000314,1906.1562635840382,space,0.579713459010236,None,1906.1566266670125,1906.8598747916442,1907.1629542500013,1907.1477169169812,1907.1509640840814,1907.1629542500013,1907.1629542500013,1907.1629542500013,1910.5558745840099,400,1,[3.392657417105511],[3.3926609590416774],001,001,2025-11-11_12h06.03.542,Intentional_binding,,2025.1.1,None,2025-11-11 12h06.08.769985 +0530,
0.7,1000,exp,401,5,33,space,1.5802458750549704,None,600,1,[0.9484550410415977],[0.9484585829777643],33,5,401,11,1910.5610753750661,,1910.5560486670583,1910.5610753750661,1911.5569104170427,1911.5569104170427,1911.5569104170427,1913.1435071249725,space,1.5802458750549704,None,1913.1450624590507,1913.8528275007304,1914.1575161670335,1914.1444257920375,1914.1507522499887,1914.1575161670335,1914.1575161670335,1914.1575161670335,1915.1062096670503,600,1,[0.9484550410415977],[0.9484585829777643],001,001,2025-11-11_12h06.03.542,Intentional_binding,,2025.1.1,None,2025-11-11 12h06.08.769985 +0530,
0.1,1000,exp,402,6,33,space,0.5007432079873979,None,400,1,[1.1861527919536456],[1.1861561669502407],33,6,402,9,1915.1124618750764,,1915.106387250009,1915.1124618750764,1916.0973333750153,1916.0973333750153,1916.1033792920643,1916.6133571669925,space,0.5007432079873979,None,1916.6151681670453,1916.7166108757413,1917.0283134999918,1917.0152997920522,1917.0175196670461,1917.0283134999918,1917.0283134999918,1917.0283134999918,1918.2146953340853,400,1,[1.1861527919536456],[1.1861561669502407],001,001,2025-11-11_12h06.03.542,Intentional_binding,,2025.1.1,None,2025-11-11 12h06.08.769985 +0530,
0.4,1000,exp,403,7,33,space,0.47828566702082753,None,600,1,[0.9832690409384668],[0.9832717078970745],33,7,403,7,1918.2210507499985,,1918.214834875078,1918.2210507499985,1919.214632624993,1919.214632624993,1919.214632624993,1919.6992387920618,space,0.47828566702082753,None,1919.700859042001,1920.0985158756996,1920.3993840420153,1920.385897209053,1920.3879142090445,1920.3993840420153,1920.3993840420153,1920.3993840420153,1921.382903916994,600,1,[0.9832690409384668],[0.9832717078970745],001,001,2025-11-11_12h06.03.542,Intentional_binding,,2025.1.1,None,2025-11-11 12h06.08.769985 +0530,
0.1,1000,exp,404,8,33,space,1.1926740419585258,None,300,1,[1.2276694589527324],[1.2276730840094388],33,8,404,6,1921.3863432500511,,1921.3830886250362,1921.3863432500511,1922.37821837503,1922.37821837503,1922.37821837503,1923.5758182500722,space,1.1926740419585258,None,1923.5772004170576,1923.6772982506702,1923.988145917072,1923.9719714589883,1923.9745187090011,1923.988145917072,1923.988145917072,1923.988145917072,1925.2160708750598,300,1,[1.2276694589527324],[1.2276730840094388],001,001,2025-11-11_12h06.03.542,Intentional_binding,,2025.1.1,None,2025-11-11 12h06.08.769985 +0530,
0.1,400,unexp,405,9,33,space,0.3215962500544265,None,500,1,[1.5512389579089358],[1.5512419159058481],33,9,405,0,1925.2197662499966,,1925.2162502920255,1925.2197662499966,1926.2032445840305,1926.2032445840305,1926.2167038340122,1926.5362373749958,space,0.3215962500544265,None,1926.5379774169996,1926.6426652087287,1926.9461282499833,1926.9310151250102,1926.9332878340501,1926.9461282499833,1926.9461282499833,1926.9461282499833,1928.4976215839852,500,1,[1.5512389579089358],[1.5512419159058481],001,001,2025-11-11_12h06.03.542,Intentional_binding,,2025.1.1,None,2025-11-11 12h06.08.769985 +0530,
0.4,1000,exp,406,10,33,space,0.3477255000034347,None,400,1,[0.8522100000409409],[0.85221291705966],33,10,406,4,1928.5022499170154,,1928.4977966250153,1928.5022499170154,1929.496008459013,1929.496008459013,1929.496008459013,1929.851660125074,space,0.3477255000034347,None,1929.853260917007,1930.252671291648,1930.5633430000162,1930.5476616669912,1930.550334834028,1930.5633430000162,1930.5633430000162,1930.5633430000162,1931.4158058749745,400,1,[0.8522100000409409],[0.85221291705966],001,001,2025-11-11_12h06.03.542,Intentional_binding,,2025.1.1,None,2025-11-11 12h06.08.769985 +0530,
0.7,400,unexp,407,11,33,space,0.2816592500312254,None,500,1,[0.8080129160080105],[0.8080158749362454],33,11,407,2,1931.4195957920747,,1931.4159934170311,1931.4195957920747,1932.4129979590653,1932.4129979590653,1932.4129979590653,1932.6981820419896,space,0.2816592500312254,None,1932.6997209590627,1933.4002665837218,1933.7045175840613,1933.6886059590615,1933.6913385840598,1933.7045175840613,1933.7045175840613,1933.7045175840613,1934.5127784169745,500,1,[0.8080129160080105],[0.8080158749362454],001,001,2025-11-11_12h06.03.542,Intentional_binding,,2025.1.1,None,2025-11-11 12h06.08.769985 +0530,
